delivery_id,pred_service_min,pred_late_prob
ORD0092308,7.40843914,0.00008429
ORD0092309,7.04925042,0.00022495
ORD0092310,11.40101932,0.00017787
ORD0092311,10.03701462,0.00263122
ORD0092312,12.49132201,0.00745864
ORD0092313,14.84789706,0.07129268
ORD0092314,16.69447431,0.00008478
ORD0092315,27.95678762,0.81603712
ORD0092316,21.52231707,0.00020854
ORD0092317,10.51577276,0.00012593
ORD0092318,6.78593854,0.00007842
ORD0092319,7.53897890,0.00105755
ORD0092320,17.80140536,0.00015203
ORD0092321,15.00169823,0.00004645
ORD0092322,21.05609608,0.99638426
ORD0092323,14.11650738,0.00417795
ORD0092324,12.22292877,0.20684572
ORD0092325,9.03085363,0.04572530
ORD0092326,13.87794881,0.00121052
ORD0092327,17.14930491,0.92626980
ORD0092328,17.60276447,0.44353261
ORD0092329,11.75036490,0.05858073
ORD0092330,10.16463546,0.00006159
ORD0092331,10.14848181,0.51853848
ORD0092332,20.86735567,0.00010037
ORD0092333,13.91002851,0.00007244
ORD0092334,9.70192066,0.00036313
ORD0092335,11.90091925,0.00111052
ORD0092336,10.29231419,0.00008383
ORD0092337,16.06508836,0.00968125
ORD0092338,15.67241932,0.00048660
ORD0092339,11.90619390,0.15075776
ORD0092340,12.65174664,0.00262321
ORD0092341,22.18758390,0.00008262
ORD0092342,8.37799699,0.65678006
ORD0092343,7.55499177,0.02979889
ORD0092344,11.64729067,0.02229090
ORD0092345,22.80991006,0.00211088
ORD0092346,16.83074282,0.00013462
ORD0092347,12.74993780,0.00023189
ORD0092348,18.31463281,0.02266113
ORD0092349,13.41818979,0.00032296
ORD0092350,17.22732791,0.00021443
ORD0092351,14.59252583,0.00019504
ORD0092352,11.07471251,0.48537954
ORD0092353,8.35682381,0.00178995
ORD0092354,17.53989234,0.97630976
ORD0092355,12.90359967,0.01079535
ORD0092356,8.38549464,0.00168102
ORD0092357,29.70321286,0.00023334
ORD0092358,16.70086271,0.00023384
ORD0092359,10.29028515,0.00106527
ORD0092360,11.07217117,0.00030553
ORD0092361,11.70506966,0.00275935
ORD0092362,11.46523289,0.00093209
ORD0092363,22.32845250,0.00031295
ORD0092364,14.95595999,0.02438900
ORD0092365,12.49743583,0.00252200
ORD0092366,16.28458235,0.00029731
ORD0092367,16.71124904,0.00029674
ORD0092368,13.22622309,0.00076980
ORD0092369,15.38224191,0.00040045
ORD0092370,18.69489005,0.42223866
ORD0092371,19.83312371,0.61518967
ORD0092372,14.17083145,0.73329440
ORD0092373,13.06352171,0.13201892
ORD0092374,11.83431333,0.33365773
ORD0092375,11.67240325,0.96150819
ORD0092376,11.09972914,0.87916055
ORD0092377,8.53099871,0.00084548
ORD0092378,15.23863745,0.00062629
ORD0092379,10.81319160,0.00070548
ORD0092380,8.06051655,0.00069211
ORD0092381,9.53707818,0.00061925
ORD0092382,9.23178887,0.00736615
ORD0092383,8.32416243,0.00043668
ORD0092384,6.00523583,0.14782396
ORD0092385,6.09895341,0.00382049
ORD0092386,10.60620483,0.63264715
ORD0092387,9.75463998,0.02241973
ORD0092388,10.27813761,0.94619200
ORD0092389,8.65361701,0.19461521
ORD0092390,10.31580096,0.00037624
ORD0092391,10.09276048,0.00017527
ORD0092392,10.48807610,0.00015565
ORD0092393,8.37100285,0.00151986
ORD0092394,9.09971513,0.00023577
ORD0092395,7.62276232,0.00009146
ORD0092396,7.45963218,0.00011910
ORD0092397,9.06121478,0.01745182
ORD0092398,10.01961061,0.28189513
ORD0092399,10.93433613,0.78348624
ORD0092400,8.93895961,0.00133874
ORD0092401,11.32973101,0.97726284
ORD0092402,13.46321316,0.00014999
ORD0092403,20.61073794,0.00019694
ORD0092404,23.37724896,0.01204749
ORD0092405,8.77561038,0.00077571
ORD0092406,9.77243544,0.03498919
ORD0092407,12.55326334,0.00561315
ORD0092408,12.14123696,0.72731103
ORD0092409,17.69792581,0.00013314
ORD0092410,17.84432492,0.00055627
ORD0092411,13.49374451,0.00034008
ORD0092412,18.03741197,0.00138394
ORD0092413,17.52347627,0.00606167
ORD0092414,11.44086044,0.00009362
ORD0092415,9.46211296,0.00028461
ORD0092416,14.04626605,0.01622237
ORD0092417,13.43219273,0.00009207
ORD0092418,12.35561845,0.00038291
ORD0092419,72.75414533,0.00018693
ORD0092420,28.26199269,0.00017171
ORD0092421,19.83175579,0.69438043
ORD0092422,9.35983165,0.24901646
ORD0092423,7.54697196,0.26892401
ORD0092424,13.50588830,0.95677518
ORD0092425,20.02205012,0.98576396
ORD0092426,12.52568367,0.38963618
ORD0092427,13.43826287,0.57765101
ORD0092428,10.60392560,0.26967025
ORD0092429,12.18228246,0.59362750
ORD0092430,10.11521459,0.38030150
ORD0092431,11.73934112,0.69106918
ORD0092432,17.41788119,0.08239153
ORD0092433,12.16356491,0.11852961
ORD0092434,14.19315044,0.85811354
ORD0092435,34.55724682,0.10437386
ORD0092436,14.78345333,0.00157092
ORD0092437,13.25719990,0.09477918
ORD0092438,11.84628947,0.00604909
ORD0092439,31.43765162,0.22624520
ORD0092440,26.27363443,0.37788234
ORD0092441,20.44386518,0.88132192
ORD0092442,20.60437054,0.94116761
ORD0092443,7.38607522,0.00007365
ORD0092444,8.67340124,0.02238079
ORD0092445,6.73611036,0.00007002
ORD0092446,7.76123637,0.02425750
ORD0092447,11.25401972,0.00006070
ORD0092448,10.65285118,0.00043837
ORD0092449,11.33725981,0.00145509
ORD0092450,16.43220994,0.00611809
ORD0092451,14.85191492,0.00039150
ORD0092452,23.92946889,0.08470455
ORD0092453,8.20340317,0.00011407
ORD0092454,6.03540079,0.00078026
ORD0092455,6.72821633,0.00037122
ORD0092456,6.65011785,0.00014163
ORD0092457,16.96909443,0.00006493
ORD0092458,17.67217308,0.00005146
ORD0092459,19.91435080,0.86635492
ORD0092460,14.60099313,0.37571345
ORD0092461,12.60902027,0.99594147
ORD0092462,12.87454845,0.24356354
ORD0092463,10.06994683,0.00039883
ORD0092464,14.36984666,0.00833435
ORD0092465,55.54318541,0.00060026
ORD0092466,53.97384092,0.00013811
ORD0092467,11.09881586,0.00002724
ORD0092468,10.10434089,0.04006156
ORD0092469,8.74566410,0.00019230
ORD0092470,10.09980562,0.46555775
ORD0092471,15.11802186,0.00007279
ORD0092472,15.23701135,0.00006630
ORD0092473,8.30453354,0.00059594
ORD0092474,6.41838456,0.00018268
ORD0092475,11.23087530,0.00511602
ORD0092476,10.38111435,0.00068502
ORD0092477,18.96107357,0.04760112
ORD0092478,16.03592724,0.00556629
ORD0092479,11.35859638,0.55376443
ORD0092480,10.67601127,0.11531510
ORD0092481,20.74128435,0.00006774
ORD0092482,19.04702329,0.00005873
ORD0092483,9.34197906,0.93285378
ORD0092484,10.70501867,0.00008721
ORD0092485,10.61038110,0.00004542
ORD0092486,19.24927743,0.00020382
ORD0092487,16.20454575,0.00017869
ORD0092488,11.24960106,0.00015539
ORD0092489,10.62054153,0.00014142
ORD0092490,15.42487411,0.00091328
ORD0092491,16.05241873,0.00078500
ORD0092492,16.66403848,0.00008155
ORD0092493,14.14035196,0.00007388
ORD0092494,9.24887692,0.04945155
ORD0092495,7.84613396,0.02146861
ORD0092496,14.65145048,0.46238221
ORD0092497,15.71126700,0.33762035
ORD0092498,6.99944208,0.00017957
ORD0092499,6.27460859,0.00018004
ORD0092500,11.02748317,0.00122173
ORD0092501,10.15678338,0.02189397
ORD0092502,11.18385664,0.01074140
ORD0092503,10.78981026,0.11398546
ORD0092504,22.06483636,0.00034714
ORD0092505,17.44455439,0.00517155
ORD0092506,13.81300360,0.04896696
ORD0092507,13.21481156,0.00041759
ORD0092508,13.66243212,0.00138253
ORD0092509,11.75042166,0.02174218
ORD0092510,15.29417445,0.00033700
ORD0092511,16.03758631,0.00020559
ORD0092512,11.14656705,0.00031246
ORD0092513,11.80352475,0.00026405
ORD0092514,13.73243994,0.00045342
ORD0092515,9.52786487,0.00044719
ORD0092516,9.34707258,0.00103899
ORD0092517,7.57914557,0.00041657
ORD0092518,7.62471709,0.00070431
ORD0092519,10.13833873,0.00839766
ORD0092520,12.45785971,0.00076285
ORD0092521,11.56989381,0.00108580
ORD0092522,9.58472830,0.00049320
ORD0092523,11.65874814,0.00120593
ORD0092524,7.24103543,0.00729134
ORD0092525,9.71581470,0.08902502
ORD0092526,6.84274789,0.00062351
ORD0092527,6.53917902,0.01482025
ORD0092528,4.62253987,0.00368242
ORD0092529,6.82945909,0.00348673
ORD0092530,8.09869891,0.06142148
ORD0092531,7.71062082,0.36060552
ORD0092532,6.99402370,0.03568045
ORD0092533,7.91463871,0.00027081
ORD0092534,8.08447937,0.00004739
ORD0092535,7.39414939,0.00160698
ORD0092536,7.32930692,0.00003043
ORD0092537,6.26331015,0.00004179
ORD0092538,5.78210455,0.00002534
ORD0092539,6.79851371,0.00785103
ORD0092540,7.14320892,0.00002242
ORD0092541,7.58007968,0.02735508
ORD0092542,6.49284935,0.00003388
ORD0092543,9.10248281,0.38553620
ORD0092544,6.70907495,0.00014384
ORD0092545,6.75459782,0.00002696
ORD0092546,11.70273982,0.00003963
ORD0092547,9.84462350,0.00005038
ORD0092548,16.25085805,0.00007362
ORD0092549,20.49923858,0.00004794
ORD0092550,6.00298900,0.00010202
ORD0092551,6.87130273,0.00011780
ORD0092552,9.07753717,0.00023751
ORD0092553,14.81822048,0.00011444
ORD0092554,12.87153891,0.00040216
ORD0092555,14.51430349,0.00004334
ORD0092556,14.25531837,0.00263495
ORD0092557,13.58860434,0.00009484
ORD0092558,10.13644146,0.00008562
ORD0092559,7.49971254,0.00007435
ORD0092560,9.88499400,0.03676418
ORD0092561,15.34763992,0.00024766
ORD0092562,10.56123962,0.00007870
ORD0092563,13.19805356,0.09393284
ORD0092564,10.40168289,0.14694299
ORD0092565,7.50586781,0.03578293
ORD0092566,5.51553355,0.05246585
ORD0092567,9.13800580,0.23891967
ORD0092568,6.34220661,0.28929028
ORD0092569,20.71936731,0.68312868
ORD0092570,15.99324275,0.55698345
ORD0092571,10.06228327,0.03790149
ORD0092572,8.38092073,0.07037481
ORD0092573,7.55459075,0.09396662
ORD0092574,7.70149166,0.22679901
ORD0092575,15.43672070,0.15505083
ORD0092576,14.06824810,0.16827227
ORD0092577,10.23623695,0.29693928
ORD0092578,8.39582492,0.27126844
ORD0092579,13.65918420,0.00053978
ORD0092580,9.40926568,0.00071155
ORD0092581,12.37581277,0.00076565
ORD0092582,30.95017287,0.00866175
ORD0092583,14.26668694,0.25912412
ORD0092584,7.62299260,0.00014675
ORD0092585,7.25476350,0.00052122
ORD0092586,7.48228896,0.00037864
ORD0092587,12.07276967,0.00023946
ORD0092588,10.52552909,0.00238787
ORD0092589,10.49882571,0.00003528
ORD0092590,9.54051730,0.00065054
ORD0092591,11.81711370,0.00030443
ORD0092592,11.36882152,0.00006151
ORD0092593,17.73113991,0.00141719
ORD0092594,23.24220830,0.02986853
ORD0092595,21.09303669,0.00794472
ORD0092596,9.89634181,0.00006383
ORD0092597,7.99378511,0.00007931
ORD0092598,15.89906540,0.00004035
ORD0092599,18.60776750,0.43311598
ORD0092600,11.88714963,0.01479291
ORD0092601,12.72483763,0.97920319
ORD0092602,10.00167913,0.88158645
ORD0092603,11.23183972,0.00019866
ORD0092604,11.80806834,0.00004813
ORD0092605,13.50525759,0.00005796
ORD0092606,18.99084237,0.97905857
ORD0092607,11.13598818,0.00007061
ORD0092608,9.63254864,0.00003067
ORD0092609,10.35014271,0.00012016
ORD0092610,18.86843753,0.00006130
ORD0092611,9.13345124,0.00007430
ORD0092612,7.48774741,0.00004512
ORD0092613,13.13075378,0.00035700
ORD0092614,18.08965254,0.00133344
ORD0092615,10.86970496,0.02023745
ORD0092616,10.97226067,0.00007979
ORD0092617,22.56296624,0.00003122
ORD0092618,19.74747162,0.00005376
ORD0092619,8.45325099,0.34206763
ORD0092620,7.52574089,0.00053381
ORD0092621,11.36202630,0.00011872
ORD0092622,60.30505461,0.00051139
ORD0092623,31.97515086,0.12660241
ORD0092624,25.97688707,0.00011944
ORD0092625,16.50383598,0.00012284
ORD0092626,15.65018637,0.00016883
ORD0092627,13.71047434,0.00014369
ORD0092628,11.56924314,0.00031179
ORD0092629,17.16264195,0.00058116
ORD0092630,15.48109610,0.00090364
ORD0092631,14.40776557,0.00005305
ORD0092632,10.19518418,0.02567990
ORD0092633,14.21026656,0.43359795
ORD0092634,8.26879008,0.00014939
ORD0092635,50.29607046,0.00021068
ORD0092636,9.68330903,0.00442658
ORD0092637,11.36467036,0.00133604
ORD0092638,12.37922408,0.02414081
ORD0092639,12.21404072,0.00982482
ORD0092640,27.75078246,0.00042273
ORD0092641,18.51588350,0.00060922
ORD0092642,14.31156376,0.12383234
ORD0092643,13.79692627,0.03780628
ORD0092644,18.00815784,0.00073864
ORD0092645,17.76517972,0.00057958
ORD0092646,15.95931179,0.00356952
ORD0092647,10.57937941,0.00194155
ORD0092648,16.67476631,0.00023364
ORD0092649,9.84024147,0.00038391
ORD0092650,12.91360394,0.00035427
ORD0092651,10.24071286,0.00079469
ORD0092652,8.82966313,0.00071231
ORD0092653,14.64664746,0.06443991
ORD0092654,11.44807742,0.00059047
ORD0092655,11.06388388,0.00054762
ORD0092656,8.97059930,0.00111332
ORD0092657,7.33746174,0.00030453
ORD0092658,8.10633966,0.01131249
ORD0092659,6.71441903,0.00096681
ORD0092660,6.45790783,0.01808978
ORD0092661,7.32455522,0.00718016
ORD0092662,9.92288753,0.14071260
ORD0092663,9.13161659,0.66392985
ORD0092664,7.61543279,0.04468787
ORD0092665,9.38351780,0.00004242
ORD0092666,9.04901105,0.00002663
ORD0092667,9.83187248,0.00003720
ORD0092668,8.02257645,0.00014520
ORD0092669,7.57860843,0.00002500
ORD0092670,7.13918056,0.00063429
ORD0092671,7.74119081,0.00004159
ORD0092672,8.58055865,0.00138798
ORD0092673,8.39014726,0.00003200
ORD0092674,10.34832816,0.00993694
ORD0092675,8.49122950,0.00012353
ORD0092676,8.15898838,0.00003220
ORD0092677,8.82252118,0.00003577
ORD0092678,12.92368040,0.00007526
ORD0092679,10.45633027,0.00006753
ORD0092680,18.91758865,0.00009165
ORD0092681,20.50088047,0.00012448
ORD0092682,7.45243768,0.00024175
ORD0092683,12.58811893,0.00062928
ORD0092684,9.72432101,0.00024258
ORD0092685,30.97819819,0.00018448
ORD0092686,40.29661197,0.00015737
ORD0092687,16.90132702,0.00041420
ORD0092688,16.91238270,0.00480321
ORD0092689,12.94527168,0.00482249
ORD0092690,18.62831729,0.09202970
ORD0092691,11.15886565,0.00019881
ORD0092692,8.29727717,0.00065496
ORD0092693,14.20937513,0.77012255
ORD0092694,13.14647937,0.10555113
ORD0092695,13.14169565,0.00038961
ORD0092696,10.76462868,0.00458571
ORD0092697,13.72736714,0.19102455
ORD0092698,12.34163647,0.02593865
ORD0092699,7.90638108,0.04770619
ORD0092700,6.81317385,0.01653812
ORD0092701,12.13500041,0.45322329
ORD0092702,7.57653460,0.06035524
ORD0092703,19.83529489,0.89680933
ORD0092704,15.42228845,0.18007649
ORD0092705,12.89361754,0.10059128
ORD0092706,11.07277872,0.19429572
ORD0092707,10.31082631,0.11505842
ORD0092708,10.53652431,0.28405505
ORD0092709,9.25334682,0.20810784
ORD0092710,17.64315408,0.14249151
ORD0092711,13.00558926,0.17110417
ORD0092712,13.82394061,0.21127115
ORD0092713,9.51502290,0.25843703
ORD0092714,13.58165354,0.00218046
ORD0092715,11.63175946,0.01528329
ORD0092716,11.37417480,0.00775674
ORD0092717,12.94281712,0.06983294
ORD0092718,34.57353639,0.18506752
ORD0092719,18.31151827,0.81110872
ORD0092720,21.12026552,0.61248229
ORD0092721,26.64039551,0.00040720
ORD0092722,9.97288912,0.00312731
ORD0092723,9.78742580,0.00006099
ORD0092724,11.52715611,0.30564601
ORD0092725,9.20230723,0.00004529
ORD0092726,15.30331915,0.11340818
ORD0092727,12.94021024,0.00004354
ORD0092728,14.14247947,0.00008952
ORD0092729,12.74455511,0.02785421
ORD0092730,16.35441975,0.00067944
ORD0092731,15.04129335,0.00042901
ORD0092732,18.23751413,0.00602481
ORD0092733,25.15221947,0.35169570
ORD0092734,22.72060501,0.12091912
ORD0092735,9.05037231,0.00011026
ORD0092736,8.68516768,0.00007005
ORD0092737,11.27311308,0.00004770
ORD0092738,9.66582170,0.00641144
ORD0092739,21.78847301,0.00011861
ORD0092740,19.16644498,0.00004848
ORD0092741,19.21972481,0.89534872
ORD0092742,18.64469364,0.96473252
ORD0092743,16.31247789,0.99205351
ORD0092744,16.19097910,0.00017947
ORD0092745,12.64005100,0.00017351
ORD0092746,19.57378616,0.00042525
ORD0092747,24.69304736,0.99822180
ORD0092748,51.33811693,0.00019584
ORD0092749,53.12058884,0.91099830
ORD0092750,48.78870492,0.00024142
ORD0092751,65.89638644,0.00028326
ORD0092752,30.48936642,0.00013716
ORD0092753,50.60099563,0.00012386
ORD0092754,12.42007924,0.00003808
ORD0092755,13.29877480,0.00039327
ORD0092756,12.29136013,0.00009389
ORD0092757,10.62912351,0.00224900
ORD0092758,23.74179501,0.00010695
ORD0092759,17.80193167,0.00011122
ORD0092760,11.31245766,0.00034774
ORD0092761,15.79121601,0.00173390
ORD0092762,22.22972249,0.02350099
ORD0092763,18.00151987,0.02062340
ORD0092764,15.29893156,0.57661436
ORD0092765,22.77300250,0.00011713
ORD0092766,11.73969840,0.00019664
ORD0092767,13.34207424,0.35680052
ORD0092768,14.50649643,0.00008551
ORD0092769,14.59354321,0.00026727
ORD0092770,25.77441405,0.00127109
ORD0092771,16.32273988,0.00022077
ORD0092772,12.83825046,0.00062200
ORD0092773,25.00570455,0.01245589
ORD0092774,20.43175405,0.03020676
ORD0092775,18.37636344,0.00021274
ORD0092776,17.24768751,0.00187227
ORD0092777,15.07043643,0.63525227
ORD0092778,23.78573424,0.93491866
ORD0092779,19.39145145,0.47474542
ORD0092780,10.39327700,0.00091652
ORD0092781,7.81456212,0.02110192
ORD0092782,13.81497752,0.00452315
ORD0092783,14.98460890,0.00067338
ORD0092784,14.69843234,0.03072613
ORD0092785,13.46570427,0.00352489
ORD0092786,27.03206907,0.00042404
ORD0092787,23.61286487,0.00025540
ORD0092788,17.60406177,0.19623407
ORD0092789,14.79404568,0.01044679
ORD0092790,19.95383545,0.00063732
ORD0092791,16.26377962,0.00032959
ORD0092792,17.73396459,0.00280529
ORD0092793,13.57089238,0.00048229
ORD0092794,23.16800535,0.01971864
ORD0092795,18.63024294,0.00181258
ORD0092796,11.94919448,0.06279198
ORD0092797,13.16244035,0.00354603
ORD0092798,16.91849708,0.01498005
ORD0092799,13.70226126,0.00169213
ORD0092800,12.53144901,0.30358507
ORD0092801,11.34157478,0.01953165
ORD0092802,10.59024673,0.01009947
ORD0092803,10.60329698,0.00196164
ORD0092804,15.77123942,0.00300364
ORD0092805,16.48987621,0.00105044
ORD0092806,12.44374090,0.00238192
ORD0092807,16.49898903,0.00079483
ORD0092808,9.00724068,0.00114520
ORD0092809,13.59379927,0.08605571
ORD0092810,7.91195972,0.00304326
ORD0092811,7.50384928,0.11396459
ORD0092812,11.69130779,0.00819783
ORD0092813,12.38313871,0.58434245
ORD0092814,10.69819038,0.04500655
ORD0092815,10.54697939,0.00005387
ORD0092816,10.75305113,0.00003578
ORD0092817,10.35788492,0.00005059
ORD0092818,10.18773738,0.00004050
ORD0092819,9.45521088,0.00014370
ORD0092820,9.71615659,0.00004545
ORD0092821,8.14654573,0.00004035
ORD0092822,8.43140694,0.00002738
ORD0092823,9.17305756,0.00096403
ORD0092824,9.64873101,0.00013878
ORD0092825,9.01054575,0.00391668
ORD0092826,8.73187257,0.00064297
ORD0092827,11.30779270,0.02146112
ORD0092828,9.30896007,0.00294348
ORD0092829,9.52970809,0.00004424
ORD0092830,13.56794749,0.00004874
ORD0092831,14.71814213,0.00008992
ORD0092832,23.76463331,0.00005940
ORD0092833,10.23099054,0.00014788
ORD0092834,13.01515767,0.00022370
ORD0092835,13.17079918,0.00009605
ORD0092836,23.81614385,0.00015895
ORD0092837,57.34027564,0.00022048
ORD0092838,50.63743581,0.00031121
ORD0092839,24.59061729,0.00014267
ORD0092840,49.81855033,0.00016638
ORD0092841,36.45029633,0.00017921
ORD0092842,19.50788290,0.00028758
ORD0092843,18.20586550,0.00011690
ORD0092844,17.13150482,0.00097716
ORD0092845,19.01057864,0.00019635
ORD0092846,18.15420061,0.00920480
ORD0092847,12.72810501,0.00015121
ORD0092848,15.33160203,0.20405164
ORD0092849,15.33556222,0.00083474
ORD0092850,14.45184001,0.00018086
ORD0092851,19.47177319,0.14282129
ORD0092852,9.43556981,0.02842706
ORD0092853,14.07299459,0.33356860
ORD0092854,9.75963986,0.01734459
ORD0092855,24.33283178,0.79410080
ORD0092856,15.54586202,0.03213147
ORD0092857,14.11126418,0.04604263
ORD0092858,11.34281273,0.02539275
ORD0092859,11.42259038,0.42207651
ORD0092860,13.08691758,0.20115753
ORD0092861,14.43239797,0.49349471
ORD0092862,14.00721934,0.76799848
ORD0092863,19.68915353,0.10833293
ORD0092864,13.62568816,0.21323479
ORD0092865,10.35049846,0.32820833
ORD0092866,13.60518034,0.00105266
ORD0092867,13.30197829,0.00392339
ORD0092868,15.36650119,0.00177395
ORD0092869,37.25096243,0.05107386
ORD0092870,36.32733105,0.02850411
ORD0092871,20.06395439,0.45536124
ORD0092872,20.12869247,0.33301860
ORD0092873,11.57337052,0.33549512
ORD0092874,9.94269062,0.00008220
ORD0092875,12.80837016,0.99032331
ORD0092876,8.85050254,0.00010496
ORD0092877,16.83857640,0.98421084
ORD0092878,13.69183221,0.00011798
ORD0092879,12.90357831,0.00035503
ORD0092880,12.66482542,0.03311256
ORD0092881,17.06216887,0.07893675
ORD0092882,14.23237954,0.00045908
ORD0092883,25.51961168,0.68645390
ORD0092884,32.90748609,0.98866540
ORD0092885,25.05983714,0.50207332
ORD0092886,14.65182536,0.00081279
ORD0092887,11.60345057,0.00010428
ORD0092888,11.19565168,0.00014447
ORD0092889,10.31185022,0.00660726
ORD0092890,21.26063751,0.00014686
ORD0092891,17.96554131,0.00760272
ORD0092892,19.01244425,0.99931448
ORD0092893,15.91779491,0.01226672
ORD0092894,14.59455328,0.00018607
ORD0092895,22.49307366,0.12564996
ORD0092896,46.68767974,0.00058292
ORD0092897,42.04843268,0.00012241
ORD0092898,14.79086167,0.00013684
ORD0092899,12.42763677,0.00016527
ORD0092900,14.84063801,0.00031970
ORD0092901,24.67143241,0.00009676
ORD0092902,10.94325545,0.00072634
ORD0092903,10.07296853,0.00215172
ORD0092904,15.30986384,0.01168426
ORD0092905,15.74811815,0.01498783
ORD0092906,24.32313600,0.19847227
ORD0092907,24.06724629,0.26924271
ORD0092908,17.36809341,0.00412787
ORD0092909,29.17208321,0.00049042
ORD0092910,29.58953547,0.00009216
ORD0092911,14.20159825,0.91038177
ORD0092912,17.93067104,0.00013107
ORD0092913,16.81274766,0.00009363
ORD0092914,35.63178562,0.00137001
ORD0092915,16.62974188,0.00021583
ORD0092916,20.01066882,0.02438182
ORD0092917,20.05199225,0.00022624
ORD0092918,16.86118832,0.00024075
ORD0092919,15.93237492,0.63221271
ORD0092920,9.54811238,0.00066731
ORD0092921,22.08115787,0.95921709
ORD0092922,11.31805725,0.00100688
ORD0092923,9.12528569,0.00046517
ORD0092924,12.06002383,0.01122414
ORD0092925,17.25756422,0.04960676
ORD0092926,28.21470643,0.00053633
ORD0092927,20.64403301,0.37181425
ORD0092928,16.71769512,0.00032097
ORD0092929,19.52214783,0.00088518
ORD0092930,18.01840390,0.00049203
ORD0092931,17.12535037,0.00686765
ORD0092932,57.87021358,0.00826261
ORD0092933,41.98408674,0.00051711
ORD0092934,21.02986118,0.00031018
ORD0092935,14.97311035,0.00073877
ORD0092936,13.71628048,0.00047466
ORD0092937,17.54692356,0.00043083
ORD0092938,13.79966260,0.00168384
ORD0092939,11.47111505,0.00037548
ORD0092940,45.22756750,0.00080220
ORD0092941,11.97551405,0.00069663
ORD0092942,10.49143273,0.00190390
ORD0092943,21.88854134,0.00056208
ORD0092944,20.44994708,0.00075194
ORD0092945,14.57501662,0.00106402
ORD0092946,12.10486542,0.00071073
ORD0092947,13.17181052,0.00118827
ORD0092948,12.20849658,0.01313623
ORD0092949,22.49801883,0.00161271
ORD0092950,50.08650084,0.00087404
ORD0092951,7.70242178,0.02750559
ORD0092952,13.47217607,0.29609691
ORD0092953,12.44690397,0.06708795
ORD0092954,12.10416039,0.73692256
ORD0092955,9.86685295,0.00003396
ORD0092956,9.16922107,0.00004408
ORD0092957,9.42395647,0.00007728
ORD0092958,9.31675960,0.00004713
ORD0092959,9.88423480,0.00005277
ORD0092960,6.95530132,0.00004877
ORD0092961,9.01898163,0.00003520
ORD0092962,8.21063149,0.00004279
ORD0092963,7.88833090,0.00006278
ORD0092964,8.10365084,0.00014983
ORD0092965,8.25855252,0.00014793
ORD0092966,8.46539849,0.00008465
ORD0092967,9.19980592,0.00003527
ORD0092968,13.31754374,0.00005930
ORD0092969,15.77773208,0.14438891
ORD0092970,22.83454766,0.00007693
ORD0092971,26.18356283,0.15466709
ORD0092972,8.68257047,0.00017703
ORD0092973,9.44437862,0.93559057
ORD0092974,14.28080541,0.00035904
ORD0092975,17.56093516,0.00031402
ORD0092976,17.25063097,0.05366634
ORD0092977,14.89332816,0.00130710
ORD0092978,18.62598387,0.01401329
ORD0092979,16.40403950,0.72589342
ORD0092980,11.89824204,0.00013598
ORD0092981,17.76706308,0.44473826
ORD0092982,15.26925377,0.00021291
ORD0092983,15.19381136,0.03022370
ORD0092984,20.99636328,0.27126948
ORD0092985,13.97388711,0.44256767
ORD0092986,10.04002621,0.04568976
ORD0092987,13.28516026,0.76813087
ORD0092988,23.83147435,0.97487191
ORD0092989,19.58839932,0.80910850
ORD0092990,11.05961024,0.11056643
ORD0092991,9.98529257,0.14280656
ORD0092992,12.03392302,0.23735607
ORD0092993,10.00081843,0.46193845
ORD0092994,21.25704201,0.15668145
ORD0092995,14.87021574,0.20418983
ORD0092996,14.29908366,0.29046235
ORD0092997,17.73193292,0.00229958
ORD0092998,11.36773111,0.00057673
ORD0092999,15.10368878,0.00895355
ORD0093000,15.26282148,0.00058992
ORD0093001,34.54083752,0.35785840
ORD0093002,28.77100385,0.01015698
ORD0093003,23.06423107,0.95716752
ORD0093004,22.28443867,0.16874966
ORD0093005,8.26126565,0.00018392
ORD0093006,8.49542796,0.00022557
ORD0093007,8.48209290,0.00014694
ORD0093008,12.60912874,0.00027525
ORD0093009,11.80117754,0.00019149
ORD0093010,13.02269059,0.03886698
ORD0093011,8.01018949,0.00002211
ORD0093012,13.79831426,0.00020378
ORD0093013,12.58303258,0.00014140
ORD0093014,20.86339202,0.00128484
ORD0093015,14.45647303,0.00477417
ORD0093016,25.38234154,0.01488092
ORD0093017,16.74181846,0.06129508
ORD0093018,9.82679542,0.00012392
ORD0093019,9.64733552,0.00390793
ORD0093021,19.35760391,0.00148208
ORD0093023,17.77246115,0.25237308
ORD0093024,13.97989291,0.62473271
ORD0093025,7.73931156,0.00011079
ORD0093026,15.08700318,0.00009062
ORD0093027,13.11147617,0.00013598
ORD0093028,23.76042309,0.97129094
ORD0093030,11.69248435,0.00007656
ORD0093031,11.43456451,0.00013174
ORD0093032,9.38970612,0.00017268
ORD0093033,18.08603480,0.00039062
ORD0093034,15.51423185,0.00019584
ORD0093035,8.56378036,0.00314086
ORD0093036,9.12151719,0.00080785
ORD0093037,11.23498096,0.00029819
ORD0093038,11.96302446,0.00396652
ORD0093039,20.16445635,0.07037000
ORD0093040,16.82589696,0.83298134
ORD0093041,15.57008348,0.00042465
ORD0093042,26.69214050,0.00048277
ORD0093043,31.26657644,0.00013222
ORD0093044,10.93120919,0.98130238
ORD0093045,11.01470014,0.00806339
ORD0093046,13.12055638,0.00012170
ORD0093047,13.92017373,0.00014008
ORD0093048,89.73648647,0.00024674
ORD0093049,50.52527002,0.00028111
ORD0093050,26.62046946,0.00224723
ORD0093051,22.04209485,0.00035983
ORD0093052,15.96633323,0.00030773
ORD0093053,12.17516205,0.00036382
ORD0093054,24.29982577,0.05695906
ORD0093055,18.03618163,0.00032656
ORD0093056,13.28538090,0.88486992
ORD0093057,8.88437277,0.00122819
ORD0093058,19.06926714,0.98787298
ORD0093059,16.58999420,0.01068439
ORD0093060,8.79312286,0.00153272
ORD0093061,8.27672541,0.00032426
ORD0093062,10.62830465,0.00705139
ORD0093063,14.40033284,0.04403143
ORD0093064,22.96262703,0.00066169
ORD0093065,22.41124648,0.03723231
ORD0093066,17.68646540,0.35577332
ORD0093067,18.73413999,0.00073153
ORD0093068,17.96258970,0.00457841
ORD0093069,15.98867827,0.27071828
ORD0093070,22.90487569,0.02595553
ORD0093071,20.43419722,0.00071590
ORD0093072,12.73699238,0.08027332
ORD0093073,13.77907795,0.00142668
ORD0093074,15.13612849,0.01182951
ORD0093075,11.47840266,0.00109431
ORD0093076,13.48230767,0.51901327
ORD0093077,10.23278653,0.00066956
ORD0093078,8.72853291,0.00116209
ORD0093079,17.00681397,0.00065895
ORD0093080,19.33832972,0.00088926
ORD0093081,11.65664909,0.00096996
ORD0093082,8.28713268,0.00114636
ORD0093083,8.49102476,0.00668751
ORD0093084,10.12839618,0.00219162
ORD0093085,8.67469785,0.05648890
ORD0093086,25.73253858,0.00109332
ORD0093087,7.63333733,0.00541984
ORD0093088,12.52704861,0.05397905
ORD0093089,13.55027581,0.09278296
ORD0093090,9.50464275,0.38967384
ORD0093091,10.08393753,0.68143095
ORD0093092,10.51399850,0.00023403
ORD0093093,9.48139076,0.00053646
ORD0093094,10.16456942,0.00010112
ORD0093095,9.73657104,0.00012165
ORD0093096,10.19478329,0.00077642
ORD0093097,7.95943297,0.00500531
ORD0093098,7.11212453,0.00009165
ORD0093099,6.80890865,0.00007730
ORD0093100,8.97422728,0.01014901
ORD0093101,9.16931524,0.22016354
ORD0093102,9.00765027,0.07856535
ORD0093103,11.25079501,0.54533188
ORD0093104,9.11425277,0.00012334
ORD0093105,8.94982083,0.00026681
ORD0093106,14.68759989,0.00180382
ORD0093107,22.97338978,0.00162765
ORD0093108,8.52748249,0.03770826
ORD0093109,10.24283405,0.00011959
ORD0093110,15.14109871,0.48102874
ORD0093111,11.00252807,0.00008394
ORD0093112,18.63177042,0.00013187
ORD0093113,18.63438197,0.00016378
ORD0093114,15.88881073,0.00039773
ORD0093115,16.73611977,0.00049398
ORD0093116,20.22461782,0.00183390
ORD0093117,17.87188712,0.00306870
ORD0093118,10.41076399,0.00012945
ORD0093119,8.26925934,0.00012548
ORD0093120,14.54821408,0.02847000
ORD0093121,18.93424820,0.03417155
ORD0093122,13.12285494,0.00010974
ORD0093123,15.56562378,0.00013839
ORD0093124,22.47813192,0.00028445
ORD0093125,15.56251776,0.12803755
ORD0093126,12.47832054,0.30031645
ORD0093127,8.71867008,0.04709256
ORD0093128,7.30681391,0.03596281
ORD0093129,13.88637478,0.43633572
ORD0093130,10.15228892,0.47878020
ORD0093131,24.56534201,0.85446749
ORD0093132,15.09262741,0.06982516
ORD0093133,14.06079280,0.06112223
ORD0093134,24.30602035,0.01175079
ORD0093135,12.83170704,0.38083168
ORD0093136,10.83108549,0.46779573
ORD0093137,12.10254739,0.68886417
ORD0093138,21.12883086,0.18666414
ORD0093139,15.79560032,0.24613336
ORD0093140,16.36719999,0.34196853
ORD0093141,15.33368758,0.00469679
ORD0093142,13.03862078,0.07315495
ORD0093143,13.16183498,0.00065508
ORD0093144,45.63179012,0.91281009
ORD0093145,30.23721258,0.00075797
ORD0093146,23.37807913,0.99430424
ORD0093147,7.91672138,0.00009468
ORD0093148,8.71703101,0.00013571
ORD0093149,12.12450372,0.00010256
ORD0093150,13.66922232,0.00027939
ORD0093151,14.23720188,0.00451090
ORD0093152,19.04601345,0.04572404
ORD0093153,21.18783096,0.00036123
ORD0093154,22.69478732,0.74966303
ORD0093155,19.41298376,0.74685089
ORD0093156,8.63853669,0.00023419
ORD0093157,10.73134799,0.00009051
ORD0093158,7.87797329,0.00007671
ORD0093159,17.94767896,0.00012114
ORD0093160,21.09989536,0.00012074
ORD0093161,18.95669999,0.99286686
ORD0093162,17.26624139,0.04560858
ORD0093163,11.68338007,0.00281040
ORD0093164,14.63417637,0.75542604
ORD0093165,13.44420416,0.00079483
ORD0093166,17.11485521,0.04549824
ORD0093167,21.00941538,0.99478458
ORD0093168,12.16163221,0.04630271
ORD0093169,11.49360522,0.00009925
ORD0093170,10.99765724,0.54908425
ORD0093171,18.28461225,0.00006665
ORD0093172,17.77518462,0.00012461
ORD0093173,10.63493414,0.00013059
ORD0093174,11.39599538,0.00078229
ORD0093175,11.47966592,0.00035117
ORD0093176,17.77514981,0.00283316
ORD0093177,15.69796409,0.00399173
ORD0093178,10.32464184,0.04244710
ORD0093179,13.30629714,0.04727715
ORD0093180,26.91708536,0.00005041
ORD0093181,9.40376689,0.58757954
ORD0093182,10.52849744,0.55543216
ORD0093183,12.25842235,0.02299136
ORD0093184,26.35467640,0.00242970
ORD0093185,16.78804320,0.00018120
ORD0093186,12.82326796,0.00030936
ORD0093187,23.77282884,0.03961933
ORD0093188,17.06763987,0.00126570
ORD0093189,18.16207827,0.00035924
ORD0093190,15.09864747,0.00028746
ORD0093191,13.14798389,0.81906246
ORD0093192,8.29707645,0.01500429
ORD0093193,18.79783804,0.98474896
ORD0093194,16.31319292,0.36775198
ORD0093195,7.36129219,0.00243229
ORD0093196,23.86949656,0.00028294
ORD0093197,20.28558746,0.00029107
ORD0093198,11.04325769,0.00503835
ORD0093199,10.10464104,0.00291587
ORD0093200,11.98894259,0.04266332
ORD0093201,10.24915069,0.01831844
ORD0093202,23.34246131,0.00043646
ORD0093203,14.03775966,0.22508238
ORD0093204,15.94933685,0.18945056
ORD0093205,16.60426228,0.00096693
ORD0093206,14.61917366,0.00528966
ORD0093207,13.58573429,0.00825054
ORD0093208,18.95676306,0.00042720
ORD0093209,16.42769790,0.05627313
ORD0093210,11.44450505,0.00072859
ORD0093211,15.31217702,0.00051233
ORD0093212,10.03790679,0.01738931
ORD0093213,8.63221820,0.00109998
ORD0093214,10.75919246,0.16582377
ORD0093215,12.12492083,0.23195204
ORD0093216,18.49233110,0.01074918
ORD0093217,15.10049167,0.94973164
ORD0093218,11.98048873,0.88956521
ORD0093219,8.19154324,0.86342514
ORD0093220,13.40491200,0.99226943
ORD0093221,10.12949330,0.97899674
ORD0093222,7.87602924,0.00298858
ORD0093223,5.55207010,0.00957787
ORD0093224,11.79010587,0.00562099
ORD0093225,10.77928161,0.07049748
ORD0093226,8.12751367,0.05426084
ORD0093227,8.99218562,0.62688469
ORD0093228,9.37734597,0.00005162
ORD0093229,10.51445355,0.10190535
ORD0093230,10.49696202,0.00004486
ORD0093231,8.85416833,0.00004794
ORD0093232,9.16173542,0.00004452
ORD0093233,7.22827248,0.00005414
ORD0093234,7.42522802,0.00002908
ORD0093235,8.96312245,0.00009127
ORD0093236,8.27075814,0.00015828
ORD0093237,9.60443812,0.00080181
ORD0093238,8.81868684,0.00004773
ORD0093239,8.56713652,0.00003816
ORD0093240,12.70170030,0.00008490
ORD0093241,23.82779495,0.00006246
ORD0093242,21.14966894,0.00166077
ORD0093243,9.21246628,0.00019063
ORD0093244,8.30783754,0.00125212
ORD0093245,11.26101794,0.00034127
ORD0093246,9.93684423,0.02420086
ORD0093247,17.88423597,0.00027248
ORD0093248,16.88094854,0.00019746
ORD0093249,17.77716814,0.00093913
ORD0093250,21.12836133,0.00894052
ORD0093251,18.53810417,0.00104019
ORD0093252,11.32326022,0.00013435
ORD0093253,8.33718219,0.00011501
ORD0093254,16.33560898,0.25473415
ORD0093255,13.93290996,0.00017121
ORD0093256,11.68808261,0.00014366
ORD0093257,67.42983880,0.00016263
ORD0093258,18.62567058,0.12894526
ORD0093259,10.46434055,0.03884096
ORD0093260,7.34671893,0.09990594
ORD0093261,11.36267125,0.36734062
ORD0093262,20.95619678,0.85058166
ORD0093263,11.87919677,0.04938154
ORD0093264,11.77819215,0.21256220
ORD0093265,11.23762578,0.48286851
ORD0093266,11.54308703,0.45868180
ORD0093267,12.32192470,0.80843482
ORD0093268,11.08981536,0.35041852
ORD0093269,16.56055205,0.37946043
ORD0093270,15.34073938,0.59797597
ORD0093271,11.26798131,0.77847303
ORD0093272,44.25721997,0.13368925
ORD0093273,15.53542881,0.00083704
ORD0093274,13.49443115,0.00423534
ORD0093275,15.32097167,0.00369327
ORD0093276,37.82456005,0.15314504
ORD0093277,34.45602137,0.05883959
ORD0093278,23.37915894,0.85549119
ORD0093279,25.02492131,0.67110954
ORD0093280,7.40145194,0.00007536
ORD0093281,9.30565039,0.39917235
ORD0093282,7.69654147,0.00008000
ORD0093283,9.09280713,0.58266793
ORD0093284,11.51913330,0.00009336
ORD0093285,9.73872822,0.00019819
ORD0093286,11.26577173,0.00019492
ORD0093287,16.37511026,0.00102162
ORD0093288,18.98782742,0.00040122
ORD0093289,18.52502293,0.01201584
ORD0093290,9.20262490,0.00006106
ORD0093291,6.09615983,0.00005432
ORD0093292,6.73450356,0.00027328
ORD0093293,12.43134929,0.00011908
ORD0093294,18.47696682,0.00003981
ORD0093295,18.68058024,0.00085335
ORD0093296,15.66524305,0.49273263
ORD0093297,10.54434563,0.00005254
ORD0093298,9.48243564,0.00408207
ORD0093299,7.38937372,0.00054798
ORD0093300,12.81627187,0.00010281
ORD0093301,15.94250949,0.06018517
ORD0093302,46.79761953,0.00013400
ORD0093303,10.71565046,0.00008033
ORD0093304,9.22968936,0.00008166
ORD0093305,10.15246296,0.00004684
ORD0093306,7.81179886,0.00009790
ORD0093307,17.06163947,0.00005854
ORD0093308,13.17341674,0.00004806
ORD0093309,7.77879448,0.00032188
ORD0093310,7.49571121,0.00020928
ORD0093311,11.05149147,0.00178585
ORD0093312,9.48685711,0.00178136
ORD0093313,15.59293638,0.02449789
ORD0093314,17.65359651,0.02304589
ORD0093315,13.69011532,0.22748281
ORD0093316,11.02918900,0.41548728
ORD0093317,29.36412396,0.00008561
ORD0093318,20.46541391,0.00004852
ORD0093319,9.36996535,0.83448615
ORD0093320,11.37798340,0.00004245
ORD0093321,10.91525582,0.00002887
ORD0093322,24.56959946,0.00031136
ORD0093323,16.46295603,0.00190072
ORD0093324,10.95853084,0.00015288
ORD0093325,10.46095225,0.00027008
ORD0093326,19.90406517,0.00271704
ORD0093327,16.87224104,0.02038681
ORD0093328,15.47955219,0.00009697
ORD0093329,13.23637533,0.00020960
ORD0093330,9.79451123,0.06154954
ORD0093331,8.60569275,0.18146252
ORD0093332,15.14707670,0.51100286
ORD0093333,14.56190839,0.64496086
ORD0093334,6.70970374,0.00027340
ORD0093335,6.97499263,0.00163351
ORD0093336,9.90638775,0.00072237
ORD0093337,9.89935368,0.04523918
ORD0093338,12.39837678,0.00210554
ORD0093339,11.50759823,0.24421268
ORD0093340,28.58668381,0.00021764
ORD0093341,19.72304591,0.00970875
ORD0093342,13.36797202,0.00885048
ORD0093343,15.63230093,0.00031773
ORD0093344,13.28040234,0.00066632
ORD0093345,12.89603136,0.03292002
ORD0093346,14.69424571,0.00404424
ORD0093347,16.41076505,0.00024896
ORD0093348,12.52486322,0.00697709
ORD0093349,10.79227873,0.00041479
ORD0093350,10.46132851,0.00366862
ORD0093351,9.50379217,0.00059703
ORD0093352,10.77432169,0.05197369
ORD0093353,8.63710591,0.00104891
ORD0093354,17.68751691,0.00048662
ORD0093355,8.98673224,0.00090381
ORD0093356,9.85358249,0.00087946
ORD0093357,13.85631798,0.76986083
ORD0093358,13.00697542,0.00047654
ORD0093359,9.68463841,0.00134304
ORD0093360,10.24137543,0.00054303
ORD0093361,7.17088303,0.01344446
ORD0093362,7.59937933,0.07353375
ORD0093363,10.37625280,0.09101047
ORD0093364,6.94114048,0.00358585
ORD0093365,5.13450407,0.04940617
ORD0093366,5.37716082,0.11667907
ORD0093367,10.60327008,0.36795717
ORD0093368,9.61170491,0.87947897
ORD0093369,8.73399699,0.53780681
ORD0093370,8.74433244,0.00008012
ORD0093371,8.48117632,0.00004003
ORD0093372,7.33680274,0.00023031
ORD0093373,7.39010704,0.00002286
ORD0093374,5.35788241,0.00003695
ORD0093375,6.02627013,0.00002668
ORD0093376,6.84149441,0.00155132
ORD0093377,6.64907634,0.00001708
ORD0093378,6.55919750,0.00394904
ORD0093379,6.59826223,0.00003920
ORD0093380,8.05550833,0.02736112
ORD0093381,6.57153804,0.00004417
ORD0093382,6.64580472,0.00002014
ORD0093383,10.36710496,0.00008582
ORD0093384,9.89094911,0.00005492
ORD0093385,20.11393939,0.00014980
ORD0093386,19.61318507,0.00005545
ORD0093387,7.10484192,0.00053837
ORD0093388,6.05597893,0.00022226
ORD0093389,9.87517188,0.00194588
ORD0093390,15.34718111,0.00017942
ORD0093391,14.06904739,0.00070398
ORD0093392,13.94998065,0.00005671
ORD0093393,13.39524232,0.00622233
ORD0093394,13.66930956,0.00017518
ORD0093395,9.13130482,0.00011793
ORD0093396,6.79941367,0.00010305
ORD0093397,12.34064145,0.08809148
ORD0093398,12.66842734,0.00070578
ORD0093399,11.50586326,0.00010711
ORD0093400,12.33334506,0.02842676
ORD0093401,11.82289072,0.05501915
ORD0093402,5.88404654,0.01771909
ORD0093403,5.42972283,0.03114004
ORD0093404,8.04588226,0.10687238
ORD0093405,5.99547938,0.19424615
ORD0093406,15.75392612,0.26472823
ORD0093407,13.55514134,0.35782894
ORD0093408,9.58932180,0.01371689
ORD0093409,7.56507414,0.04162728
ORD0093410,8.65953191,0.27316175
ORD0093411,10.12307770,0.48554963
ORD0093412,15.83138352,0.07901627
ORD0093413,13.72754562,0.62542249
ORD0093414,9.15398992,0.16071245
ORD0093415,9.58408568,0.81265556
ORD0093416,12.37671166,0.00033858
ORD0093417,8.74025270,0.00054643
ORD0093418,8.82500318,0.00018474
ORD0093419,28.85236634,0.00080291
ORD0093420,13.03204416,0.00280520
ORD0093421,11.00557752,0.00005671
ORD0093422,11.62930040,0.00005125
ORD0093423,10.77087686,0.00005367
ORD0093424,15.65370935,0.00004062
ORD0093425,14.66208580,0.00004687
ORD0093426,17.30979908,0.00063437
ORD0093427,13.90956795,0.00192038
ORD0093428,19.61643656,0.00035974
ORD0093429,16.90562859,0.00004796
ORD0093430,24.27254462,0.00524057
ORD0093431,31.34415034,0.22545645
ORD0093432,24.62981331,0.00155103
ORD0093433,12.96549952,0.00007606
ORD0093434,12.66989428,0.00016773
ORD0093435,26.30698308,0.00005987
ORD0093436,21.48553619,0.01585302
ORD0093437,20.30634266,0.04658280
ORD0093438,20.20368759,0.93140440
ORD0093439,16.81286294,0.47603267
ORD0093440,22.08697457,0.00018122
ORD0093441,17.72192161,0.00006959
ORD0093442,23.12361876,0.26870145
ORD0093443,24.06144813,0.95962079
ORD0093444,15.95885416,0.00012282
ORD0093445,14.90345673,0.00008322
ORD0093446,14.13169199,0.00034835
ORD0093447,22.36925038,0.00011461
ORD0093448,13.85751368,0.00044243
ORD0093449,11.71586953,0.00021347
ORD0093450,14.71692532,0.00394108
ORD0093451,24.07706443,0.00223342
ORD0093452,15.96068668,0.01214840
ORD0093453,18.23382339,0.00044416
ORD0093454,36.59327793,0.00005697
ORD0093455,36.30984800,0.00004932
ORD0093456,14.50327528,0.19747268
ORD0093457,12.16600302,0.00241831
ORD0093458,19.00909884,0.00006936
ORD0093459,78.65349531,0.00036507
ORD0093460,74.42167478,0.00036797
ORD0093461,26.17455852,0.00016951
ORD0093462,34.68677215,0.00130106
ORD0093463,25.86134725,0.00261561
ORD0093464,18.28441302,0.00019797
ORD0093465,15.45185246,0.00224342
ORD0093466,26.16835937,0.03042437
ORD0093467,25.57960246,0.17007923
ORD0093468,21.60746492,0.00026104
ORD0093469,17.78579066,0.71163535
ORD0093470,21.04177333,0.91684455
ORD0093471,11.68020779,0.00076712
ORD0093472,65.01381851,0.00032388
ORD0093473,19.10184792,0.97254536
ORD0093474,21.14155304,0.74400970
ORD0093475,20.69694372,0.99222902
ORD0093476,20.30583419,0.94735188
ORD0093477,41.44610428,0.01034226
ORD0093478,27.84803021,0.00464330
ORD0093479,22.27667349,0.99624557
ORD0093480,22.03287976,0.99086055
ORD0093481,28.27378543,0.46105939
ORD0093482,28.73380510,0.08039089
ORD0093483,20.63153219,0.96040643
ORD0093484,18.28134419,0.71275370
ORD0093485,24.53876896,0.00057995
ORD0093486,15.53869459,0.00177649
ORD0093487,18.97234807,0.00062466
ORD0093488,14.35737085,0.00724806
ORD0093489,13.38538535,0.00162532
ORD0093490,17.46501599,0.07563178
ORD0093491,16.84730883,0.00139603
ORD0093492,16.04851141,0.00067847
ORD0093493,15.48602429,0.02753516
ORD0093494,10.52440855,0.00108369
ORD0093495,13.70667222,0.48831530
ORD0093496,11.91242559,0.00377767
ORD0093497,11.89763650,0.04857373
ORD0093498,9.55010865,0.20046312
ORD0093499,16.75842576,0.46658128
ORD0093500,13.55216156,0.94806188
ORD0093501,13.02410908,0.63197683
ORD0093502,12.56052689,0.00004624
ORD0093503,12.23497595,0.00019599
ORD0093504,12.47710968,0.00149300
ORD0093505,11.44503944,0.00004650
ORD0093506,9.77786455,0.00004563
ORD0093507,12.61471940,0.00005853
ORD0093508,11.88857972,0.00132204
ORD0093509,11.41774276,0.00010312
ORD0093510,12.46388066,0.01695152
ORD0093511,12.30151419,0.00022562
ORD0093512,13.19380362,0.21127691
ORD0093513,11.03425140,0.00345225
ORD0093514,12.25198678,0.00013056
ORD0093515,17.90675403,0.00008125
ORD0093516,19.98860713,0.71902295
ORD0093517,27.57279373,0.00008558
ORD0093518,27.08199451,0.52798920
ORD0093519,11.13445266,0.00025224
ORD0093520,15.43431661,0.00093118
ORD0093521,16.28287736,0.98181751
ORD0093522,41.03838643,0.00018118
ORD0093523,104.88914833,0.38769893
ORD0093524,69.59124919,0.00021392
ORD0093525,21.46895207,0.00024320
ORD0093526,22.10994379,0.00094699
ORD0093527,19.38282987,0.00018331
ORD0093528,22.45633155,0.01016804
ORD0093529,14.73647677,0.00009704
ORD0093530,13.65524587,0.00009402
ORD0093531,18.23453495,0.25062432
ORD0093532,16.38165930,0.00065881
ORD0093533,15.78703696,0.00012116
ORD0093534,19.05488327,0.00007503
ORD0093535,20.31122217,0.06613561
ORD0093536,16.98059262,0.01114040
ORD0093537,12.22968657,0.01015664
ORD0093538,10.31431868,0.01117931
ORD0093539,14.77963226,0.26585908
ORD0093540,11.36751984,0.07219011
ORD0093541,23.49196783,0.57921193
ORD0093542,21.21040280,0.21203926
ORD0093543,16.52735675,0.01460808
ORD0093544,12.94617671,0.15198159
ORD0093545,18.51213970,0.88504212
ORD0093546,13.31284596,0.30241043
ORD0093547,13.36135797,0.11532488
ORD0093548,24.19140082,0.26399745
ORD0093549,26.12865109,0.53448559
ORD0093550,18.27672408,0.33960929
ORD0093551,13.52006004,0.23217894
ORD0093552,21.65574908,0.00061509
ORD0093553,16.07626802,0.00034279
ORD0093554,15.95901489,0.00104132
ORD0093555,16.86957847,0.00033995
ORD0093556,61.01583880,0.04065525
ORD0093557,23.57216306,0.66086697
ORD0093558,24.31462960,0.00114070
ORD0093559,55.33386340,0.00064446
ORD0093560,10.69312883,0.00006230
ORD0093561,11.42555622,0.00655551
ORD0093562,10.92105525,0.00008458
ORD0093563,12.60151776,0.51807431
ORD0093564,14.34839856,0.00006338
ORD0093565,15.45868682,0.18313564
ORD0093566,13.14116111,0.00706478
ORD0093567,12.93997673,0.00020308
ORD0093568,18.34359261,0.00032260
ORD0093569,13.20521100,0.00071451
ORD0093570,22.74727963,0.00150654
ORD0093571,21.34371772,0.03789147
ORD0093572,26.95858350,0.02320713
ORD0093573,13.19385806,0.00010744
ORD0093574,10.55848059,0.00007310
ORD0093575,11.95575859,0.00140361
ORD0093576,10.50629277,0.00552752
ORD0093577,23.88893776,0.00077925
ORD0093578,19.04710441,0.00007410
ORD0093579,21.43753331,0.50070776
ORD0093580,24.01046152,0.74428520
ORD0093581,15.36950077,0.31944698
ORD0093582,16.73263966,0.00012002
ORD0093583,13.30533570,0.00031223
ORD0093584,27.60716262,0.90670742
ORD0093585,27.46780252,0.98879858
ORD0093586,64.82958201,0.00091952
ORD0093587,79.62880408,0.24880624
ORD0093588,44.08329179,0.00023752
ORD0093589,60.74620529,0.00061669
ORD0093590,33.66175643,0.00015078
ORD0093591,55.32416976,0.00012502
ORD0093592,14.59324618,0.00019142
ORD0093593,12.43960139,0.00025968
ORD0093594,15.05772748,0.00132325
ORD0093595,13.32253786,0.00269410
ORD0093596,24.16976430,0.00082589
ORD0093597,21.81644783,0.00014793
ORD0093598,13.32064693,0.03743190
ORD0093599,16.77163641,0.06544882
ORD0093600,21.92440371,0.58278620
ORD0093601,24.84699122,0.01868908
ORD0093602,18.19738257,0.87016802
ORD0093603,36.84327263,0.00306738
ORD0093604,20.83658298,0.99502766
ORD0093605,13.57646708,0.33128136
ORD0093606,17.07441434,0.00021612
ORD0093607,16.52021567,0.00012426
ORD0093608,28.50023601,0.03890087
ORD0093609,17.82249051,0.00048030
ORD0093610,13.52109776,0.00017398
ORD0093611,32.46683754,0.66398947
ORD0093612,24.58066099,0.00065026
ORD0093613,20.29110175,0.00156561
ORD0093614,18.20966604,0.00018952
ORD0093615,19.27681086,0.99192780
ORD0093616,24.25672040,0.99907457
ORD0093617,20.08890509,0.01329997
ORD0093618,11.92427629,0.02283127
ORD0093619,9.40389247,0.00051547
ORD0093620,14.61901829,0.00766984
ORD0093621,15.57325250,0.00212486
ORD0093622,17.25885157,0.03182447
ORD0093623,17.01493937,0.01437286
ORD0093624,30.06131041,0.00030878
ORD0093625,28.53979914,0.00028608
ORD0093626,20.69685592,0.17546995
ORD0093627,18.25526448,0.08708540
ORD0093628,22.29478414,0.00055586
ORD0093629,19.64925015,0.00059775
ORD0093630,19.31125681,0.00247316
ORD0093631,15.69479834,0.00230273
ORD0093632,24.23237570,0.32505176
ORD0093633,20.16159627,0.06820236
ORD0093634,18.34596370,0.57479456
ORD0093635,17.77081913,0.20765003
ORD0093636,16.82242343,0.10794229
ORD0093637,16.05227635,0.02979579
ORD0093638,17.88460380,0.94387645
ORD0093639,15.20844014,0.65974340
ORD0093640,10.96265706,0.01048700
ORD0093641,12.68676410,0.00755788
ORD0093642,16.30071287,0.00062545
ORD0093643,17.09443547,0.00209231
ORD0093644,15.84046873,0.00661586
ORD0093645,17.32345917,0.00133986
ORD0093646,12.34821277,0.17597524
ORD0093647,16.58650442,0.88997277
ORD0093648,12.29273891,0.01376216
ORD0093649,9.33427834,0.00306072
ORD0093650,12.92312820,0.15153345
ORD0093651,13.85513766,0.00842527
ORD0093652,12.73520092,0.56354395
ORD0093653,12.06527293,0.00011464
ORD0093654,11.42212855,0.00005389
ORD0093655,12.32353225,0.00008014
ORD0093656,12.05989528,0.00005265
ORD0093657,10.93486896,0.00004091
ORD0093658,10.56485559,0.00007338
ORD0093659,9.85620564,0.00004930
ORD0093660,9.14214673,0.00003303
ORD0093661,11.02627169,0.00004808
ORD0093662,10.31625822,0.00018068
ORD0093663,10.98839537,0.00004959
ORD0093664,9.49690502,0.00097984
ORD0093665,10.99161364,0.00007931
ORD0093666,10.69432170,0.00427113
ORD0093667,10.81208342,0.00008596
ORD0093668,18.56428846,0.00008907
ORD0093669,16.61428932,0.00019014
ORD0093670,29.13614573,0.00008661
ORD0093671,10.37089556,0.00036484
ORD0093672,14.83711637,0.00047218
ORD0093673,13.90003893,0.00056441
ORD0093674,24.54180564,0.00013421
ORD0093675,57.34390906,0.00020529
ORD0093676,46.91320685,0.00018676
ORD0093677,32.58619726,0.00016785
ORD0093678,59.91654706,0.00015851
ORD0093679,38.54664938,0.00018487
ORD0093680,51.21576783,0.00016858
ORD0093681,21.56165389,0.00080654
ORD0093682,19.19269300,0.00011243
ORD0093683,26.81639908,0.00403585
ORD0093684,24.59504134,0.00014902
ORD0093685,25.66763244,0.18444182
ORD0093686,18.39369417,0.00015842
ORD0093687,19.87145898,0.90096115
ORD0093688,16.72019493,0.00050544
ORD0093689,17.51449205,0.00034884
ORD0093690,25.88900032,0.81359445
ORD0093691,11.14928375,0.26919700
ORD0093692,15.44799697,0.96781828
ORD0093693,11.58687248,0.15781822
ORD0093694,28.89790538,0.98975048
ORD0093695,19.76342779,0.49202542
ORD0093696,20.80041174,0.44028471
ORD0093697,14.30092126,0.04817564
ORD0093698,12.93912245,0.20834160
ORD0093699,15.61687426,0.85068161
ORD0093700,15.28676026,0.38299838
ORD0093701,12.11163224,0.21217433
ORD0093702,22.46499995,0.60684207
ORD0093703,19.48835642,0.79970173
ORD0093704,15.75430614,0.95560764
ORD0093705,18.50352521,0.00040034
ORD0093706,16.29805026,0.00048028
ORD0093707,17.13015698,0.00037203
ORD0093708,44.74127355,0.00148768
ORD0093709,45.51343660,0.00044779
ORD0093710,28.11306287,0.03035907
ORD0093711,28.85670733,0.00121316
ORD0093712,10.71946995,0.00008152
ORD0093713,10.43631776,0.00007170
ORD0093714,10.55332413,0.00008954
ORD0093715,10.37898868,0.00017657
ORD0093716,14.37110196,0.00007852
ORD0093717,15.60063343,0.00013761
ORD0093718,14.99003673,0.00241258
ORD0093719,13.59664856,0.13080051
ORD0093720,19.68258178,0.00012482
ORD0093721,19.41108875,0.00082231
ORD0093722,26.59852150,0.00067132
ORD0093723,32.09893401,0.00668694
ORD0093724,28.65802998,0.81207083
ORD0093725,14.78057941,0.00012225
ORD0093726,11.05490274,0.00011909
ORD0093727,12.78814735,0.00049283
ORD0093728,12.46522475,0.02442716
ORD0093729,27.95096843,0.00015403
ORD0093730,23.44669429,0.04517295
ORD0093731,16.44061024,0.78878164
ORD0093732,21.67906815,0.00010458
ORD0093733,18.65212730,0.00021574
ORD0093734,28.86636731,0.98446979
ORD0093735,97.89553503,0.00035382
ORD0093736,54.29704956,0.00048109
ORD0093737,99.05399932,0.00039401
ORD0093738,15.08934755,0.00019015
ORD0093739,14.04848855,0.00060716
ORD0093740,12.09995307,0.00050848
ORD0093741,26.14087764,0.00008930
ORD0093742,14.07144374,0.00434286
ORD0093743,11.72262142,0.00141160
ORD0093744,15.34911411,0.05511443
ORD0093745,17.26816979,0.00646093
ORD0093746,26.99935474,0.00014865
ORD0093747,23.09867313,0.03838348
ORD0093748,19.36706487,0.00086746
ORD0093749,47.47438881,0.00009281
ORD0093750,42.84978107,0.00007814
ORD0093751,14.74367072,0.52682655
ORD0093752,18.86299667,0.00011155
ORD0093753,16.55787869,0.00007896
ORD0093754,107.34654259,0.00015995
ORD0093755,54.43149178,0.00032933
ORD0093756,38.40376708,0.00298299
ORD0093757,19.74404923,0.00028136
ORD0093758,24.57863800,0.14131789
ORD0093759,20.96198709,0.00032460
ORD0093760,22.18809189,0.00261823
ORD0093761,17.38261490,0.89177828
ORD0093762,10.65574810,0.03902878
ORD0093763,20.90306469,0.92535729
ORD0093764,11.99457959,0.00247656
ORD0093765,11.90757475,0.03300745
ORD0093766,18.79767512,0.00956338
ORD0093767,18.71323897,0.14268214
ORD0093768,29.57327786,0.00045373
ORD0093769,21.25185307,0.74808172
ORD0093770,18.18897568,0.00038041
ORD0093771,21.60133440,0.00086648
ORD0093772,24.68549986,0.00050349
ORD0093773,19.21053020,0.00595394
ORD0093774,58.85364207,0.00170183
ORD0093775,45.33296938,0.00047400
ORD0093776,25.11604556,0.00065337
ORD0093777,18.44786984,0.00120240
ORD0093778,17.74167915,0.00049407
ORD0093779,18.75605784,0.00069511
ORD0093780,15.18065348,0.00709143
ORD0093781,13.40339886,0.00043554
ORD0093782,48.26492633,0.00051075
ORD0093783,14.62223312,0.00052238
ORD0093784,14.79734122,0.00676598
ORD0093785,23.46474088,0.00062119
ORD0093786,17.27237326,0.00241351
ORD0093787,14.88613115,0.00078105
ORD0093788,15.46385345,0.00113619
ORD0093789,11.31224468,0.00223270
ORD0093790,15.03187182,0.01089326
ORD0093791,27.93585190,0.00064120
ORD0093792,42.28856973,0.00075401
ORD0093793,31.24180727,0.00063256
ORD0093794,10.63055195,0.00314880
ORD0093795,15.61975497,0.01177294
ORD0093796,17.18513090,0.93883627
ORD0093797,12.23694831,0.14530046
ORD0093798,11.63348090,0.00006421
ORD0093799,10.60862163,0.00011419
ORD0093800,11.21296530,0.00752099
ORD0093801,10.94696511,0.00009077
ORD0093802,9.90479979,0.00005565
ORD0093803,8.58295060,0.02941830
ORD0093804,12.53031538,0.86327928
ORD0093805,9.43064855,0.00047612
ORD0093806,10.93025942,0.00007104
ORD0093807,9.98739330,0.00005874
ORD0093808,9.05124764,0.00369825
ORD0093809,12.33521421,0.71549198
ORD0093810,9.83803685,0.00008385
ORD0093811,15.13185345,0.00073088
ORD0093812,16.01860856,0.00009669
ORD0093813,26.33481705,0.00082718
ORD0093814,26.32347595,0.00009291
ORD0093815,11.11166481,0.01096460
ORD0093816,11.27429681,0.00031372
ORD0093817,18.09061397,0.25050353
ORD0093818,20.47546361,0.00040629
ORD0093819,18.31279751,0.00015722
ORD0093820,22.95746310,0.00180228
ORD0093821,22.57389618,0.03665547
ORD0093822,18.16634132,0.00048829
ORD0093823,16.40341246,0.00011634
ORD0093824,18.25412094,0.56530686
ORD0093825,16.72261182,0.00017064
ORD0093826,17.65516588,0.00017549
ORD0093827,17.34458824,0.12306031
ORD0093828,14.16014893,0.02210975
ORD0093829,11.76979800,0.04320233
ORD0093830,12.76894270,0.39418511
ORD0093831,26.22374419,0.82636865
ORD0093832,19.02769549,0.02420374
ORD0093833,17.87277098,0.06168516
ORD0093834,11.91333151,0.06737159
ORD0093835,12.00296340,0.12850031
ORD0093836,11.93631068,0.18975557
ORD0093837,21.93134147,0.61824135
ORD0093838,17.87542931,0.13718841
ORD0093839,15.50018269,0.91235359
ORD0093840,71.45377052,0.06373141
ORD0093841,19.15103558,0.00059735
ORD0093842,13.61239541,0.00309275
ORD0093843,13.69696191,0.00066878
ORD0093844,14.03264404,0.01217363
ORD0093845,60.10417131,0.00951482
ORD0093846,43.29527132,0.47096855
ORD0093847,21.37897543,0.38714246
ORD0093848,25.79806845,0.97180132
ORD0093849,13.96743459,0.83984779
ORD0093850,15.25450422,0.99605785
ORD0093851,13.79985786,0.72202102
ORD0093852,20.82025960,0.99422377
ORD0093853,18.60122226,0.16702472
ORD0093854,16.61718776,0.00238416
ORD0093855,14.15807465,0.00016308
ORD0093856,20.40288137,0.00029679
ORD0093857,17.86793670,0.00026395
ORD0093858,28.33111151,0.00113608
ORD0093859,26.27315187,0.01121901
ORD0093860,38.66491796,0.00811650
ORD0093861,26.18170714,0.32546193
ORD0093862,13.83265329,0.00015889
ORD0093863,13.23159625,0.00085436
ORD0093864,13.72761471,0.00153014
ORD0093865,29.90303357,0.00020632
ORD0093866,23.59580676,0.00015934
ORD0093867,22.89628993,0.12758501
ORD0093868,19.01177670,0.06540784
ORD0093869,16.03120587,0.00041475
ORD0093870,26.56260115,0.00014558
ORD0093871,17.54570258,0.00019662
ORD0093872,26.30127022,0.82547413
ORD0093873,32.39908912,0.97708243
ORD0093874,17.67276639,0.00037910
ORD0093875,16.55202076,0.00153386
ORD0093876,14.12803878,0.00011257
ORD0093877,25.88817200,0.00014889
ORD0093878,25.18917254,0.00013216
ORD0093879,13.93889335,0.01108696
ORD0093880,14.56931466,0.00035212
ORD0093881,19.59487328,0.00078950
ORD0093882,17.71404712,0.00141960
ORD0093883,27.99165055,0.00623886
ORD0093884,27.83787562,0.18076368
ORD0093885,19.43836610,0.02536467
ORD0093886,42.37388041,0.00019278
ORD0093887,35.34903196,0.00185809
ORD0093888,13.62975199,0.13250512
ORD0093889,16.88495402,0.79039269
ORD0093890,17.04542289,0.00014558
ORD0093891,20.63048528,0.00065294
ORD0093892,103.13378698,0.00035780
ORD0093893,29.40751391,0.01887150
ORD0093894,28.84719943,0.00150235
ORD0093895,18.28980154,0.00042893
ORD0093896,17.15129819,0.00033423
ORD0093897,30.87623242,0.51434555
ORD0093898,21.40378734,0.00086569
ORD0093899,17.67415045,0.99128195
ORD0093900,13.48171333,0.03280803
ORD0093901,27.75879136,0.99824937
ORD0093902,20.84510369,0.25700611
ORD0093903,13.27862003,0.00995970
ORD0093904,10.94361258,0.00071332
ORD0093905,19.51019993,0.64546754
ORD0093906,23.41684632,0.95000586
ORD0093907,37.31715894,0.00189919
ORD0093908,31.87372133,0.00035097
ORD0093909,24.94968957,0.99378255
ORD0093910,30.64386561,0.01234036
ORD0093911,21.50702892,0.43458912
ORD0093912,18.97518804,0.00046587
ORD0093913,28.22625733,0.06203196
ORD0093914,26.03348559,0.00108200
ORD0093915,20.97711653,0.25008807
ORD0093916,16.74964944,0.00400002
ORD0093917,20.99455937,0.01494958
ORD0093918,16.62488758,0.00123149
ORD0093919,21.33915219,0.89581889
ORD0093920,14.04266610,0.00088688
ORD0093921,14.45092818,0.00259275
ORD0093922,28.03430763,0.00068755
ORD0093923,22.68197899,0.00108435
ORD0093924,17.65740874,0.00081773
ORD0093925,14.19584482,0.00268993
ORD0093926,14.25189683,0.07334930
ORD0093927,14.87078987,0.01326260
ORD0093928,16.36680636,0.75407064
ORD0093929,42.40814355,0.00150459
ORD0093930,15.48063724,0.09642897
ORD0093931,22.62292396,0.74669215
ORD0093932,17.91507066,0.00971828
ORD0093933,16.11608411,0.96516120
ORD0093934,12.00566112,0.27428808
ORD0093935,13.71463852,0.00024869
ORD0093936,13.17902453,0.01894015
ORD0093937,13.36875768,0.00016073
ORD0093938,13.00613708,0.00048125
ORD0093939,12.39621241,0.00050540
ORD0093940,13.50718026,0.37259421
ORD0093941,10.73882359,0.00017971
ORD0093942,10.60142866,0.00059086
ORD0093943,12.39379486,0.00387606
ORD0093944,13.61574188,0.13861017
ORD0093945,13.86268051,0.91590237
ORD0093946,14.49480704,0.78015384
ORD0093947,11.59292077,0.00054069
ORD0093948,12.65190012,0.00572535
ORD0093949,20.17085649,0.10185626
ORD0093950,30.47342985,0.05413021
ORD0093951,13.34731083,0.90595979
ORD0093952,15.29476564,0.00488583
ORD0093953,19.75761026,0.99484830
ORD0093954,15.93591326,0.07027980
ORD0093955,23.41665620,0.00069308
ORD0093956,23.56871627,0.00208712
ORD0093957,23.73708540,0.00277053
ORD0093958,29.55427501,0.03102222
ORD0093959,26.81346702,0.05597439
ORD0093960,33.03362423,0.83509744
ORD0093961,18.54974964,0.00015463
ORD0093962,13.68518372,0.00021892
ORD0093963,21.03124642,0.55692161
ORD0093964,23.20310695,0.99267854
ORD0093965,23.12007267,0.00021897
ORD0093966,21.83426378,0.00066105
ORD0093967,38.30224085,0.00036862
ORD0093968,22.42023428,0.19899587
ORD0093969,19.55680481,0.40039531
ORD0093970,13.64043547,0.02391507
ORD0093971,11.01248841,0.05403924
ORD0093972,17.85329109,0.69983700
ORD0093973,17.38778974,0.81978658
ORD0093974,34.70582738,0.93887342
ORD0093975,20.35981649,0.06036253
ORD0093976,15.76833372,0.13447654
ORD0093977,35.90215411,0.02415341
ORD0093978,15.96410677,0.11617424
ORD0093979,16.69680973,0.93596814
ORD0093980,15.21187751,0.30013846
ORD0093981,29.79422038,0.12042233
ORD0093982,27.08147859,0.64278240
ORD0093983,17.97888457,0.31415116
ORD0093984,20.21558953,0.00064087
ORD0093985,19.60022484,0.00062639
ORD0093986,17.63032363,0.00057724
ORD0093987,53.72847847,0.01190129
ORD0093988,35.59043243,0.00069416
ORD0093989,27.53638506,0.33716242
ORD0093990,9.78713666,0.00009968
ORD0093991,9.53325189,0.00014038
ORD0093992,14.28843439,0.00007010
ORD0093993,13.86450233,0.00030608
ORD0093994,15.92509799,0.00014445
ORD0093995,25.65271880,0.06689859
ORD0093996,19.23368382,0.00015552
ORD0093997,30.36487872,0.81283821
ORD0093998,23.01364691,0.00062346
ORD0093999,14.60547559,0.00025421
ORD0094000,8.93683886,0.00010743
ORD0094001,11.12356736,0.00015411
ORD0094002,27.37746683,0.00052154
ORD0094003,20.87501143,0.00008876
ORD0094004,19.23645427,0.00420151
ORD0094005,18.00949928,0.01408778
ORD0094006,16.55653938,0.98885018
ORD0094007,13.54192908,0.16322307
ORD0094008,20.78085401,0.02599195
ORD0094009,23.95101365,0.07456691
ORD0094010,23.55641232,0.85277319
ORD0094011,14.00212529,0.00017393
ORD0094012,13.07661133,0.00053290
ORD0094013,11.58277363,0.00155119
ORD0094014,23.29410659,0.00017050
ORD0094015,20.76261178,0.00063862
ORD0094016,11.93509385,0.00117854
ORD0094017,13.61065901,0.01311403
ORD0094018,14.90128296,0.00544869
ORD0094019,21.16196177,0.01321453
ORD0094020,19.28683898,0.22018461
ORD0094021,20.07805085,0.23403742
ORD0094022,22.15137601,0.91952240
ORD0094023,28.72568897,0.00017501
ORD0094024,13.83510169,0.94924062
ORD0094025,13.32856389,0.99628916
ORD0094026,14.71324427,0.00036310
ORD0094027,28.87404409,0.99677956
ORD0094028,23.53897943,0.99114889
ORD0094029,19.25801604,0.17203188
ORD0094030,24.12476513,0.99909918
ORD0094031,25.29215190,0.99784104
ORD0094032,22.89284595,0.97232363
ORD0094033,23.18087408,0.91933101
ORD0094034,16.09532558,0.99958643
ORD0094035,14.46136320,0.99923486
ORD0094036,21.44404471,0.99973685
ORD0094037,21.72931415,0.99960857
ORD0094038,15.13374041,0.99449507
ORD0094039,41.71222219,0.00096244
ORD0094040,36.61618758,0.00100162
ORD0094041,14.00849635,0.03571129
ORD0094042,17.84836009,0.06279109
ORD0094043,15.53470482,0.22603674
ORD0094044,16.32290297,0.62162405
ORD0094045,27.76287513,0.00074168
ORD0094046,19.66071203,0.82327925
ORD0094047,18.92190965,0.91973189
ORD0094048,28.11297971,0.00193200
ORD0094049,18.88727773,0.06262375
ORD0094050,14.90501486,0.02991695
ORD0094051,20.06561872,0.00056064
ORD0094052,20.93180917,0.00069875
ORD0094053,14.11866326,0.00124449
ORD0094054,14.35818725,0.00089674
ORD0094055,13.63416453,0.00109334
ORD0094056,14.07299301,0.01271384
ORD0094057,12.70291059,0.00161368
ORD0094058,10.90475234,0.00842064
ORD0094059,18.30333273,0.00112487
ORD0094060,15.50226707,0.00307016
ORD0094061,12.99117954,0.14164969
ORD0094062,11.44899456,0.02779268
ORD0094063,15.24627430,0.78486390
ORD0094064,10.16022056,0.52600262
ORD0094065,9.54909685,0.73246272
ORD0094066,12.16345759,0.82352653
ORD0094067,14.09055961,0.97813533
ORD0094068,16.00141776,0.97759306
ORD0094069,13.14136114,0.99042023
ORD0094070,12.20732686,0.99068839
ORD0094071,12.16871508,0.00039247
ORD0094072,12.62634483,0.00014215
ORD0094073,12.85598358,0.00014693
ORD0094074,11.71991126,0.00342103
ORD0094075,11.65192574,0.00035904
ORD0094076,9.64338786,0.00029103
ORD0094077,9.60031454,0.00012686
ORD0094078,11.80116127,0.05872565
ORD0094079,12.42248605,0.71006758
ORD0094080,13.44950008,0.95258906
ORD0094081,10.49582974,0.00087703
ORD0094082,10.68549563,0.00005582
ORD0094083,16.87092086,0.00013404
ORD0094084,29.72838074,0.00015268
ORD0094085,29.35000266,0.03178618
ORD0094086,10.97326295,0.00053228
ORD0094087,12.77592741,0.18851331
ORD0094088,16.04747678,0.00392480
ORD0094089,14.79314984,0.94842900
ORD0094090,21.43541519,0.00030725
ORD0094091,21.93950174,0.00042114
ORD0094092,23.01452295,0.00103971
ORD0094093,19.92170150,0.01964696
ORD0094094,20.17574951,0.00136142
ORD0094095,15.19713608,0.00013730
ORD0094096,13.15362575,0.00015194
ORD0094097,19.64540029,0.51686900
ORD0094098,15.30815170,0.00018152
ORD0094099,16.91979863,0.00016434
ORD0094100,91.78150133,0.00031515
ORD0094101,22.82948842,0.37782244
ORD0094102,11.71860273,0.05827237
ORD0094103,11.49039025,0.31994293
ORD0094104,16.81208288,0.86372232
ORD0094105,27.73270416,0.98917965
ORD0094106,20.78693304,0.15152115
ORD0094107,20.24967663,0.76004971
ORD0094108,16.30915801,0.47759324
ORD0094109,12.39273547,0.14638792
ORD0094110,17.99731824,0.80811052
ORD0094111,14.59155259,0.78833570
ORD0094112,25.96230742,0.68725177
ORD0094113,21.89111996,0.88231815
ORD0094114,13.48968980,0.28905856
ORD0094115,91.49012492,0.25045560
ORD0094116,20.69012483,0.41907612
ORD0094117,16.15866989,0.00298777
ORD0094118,20.99913343,0.97322904
ORD0094119,51.14899516,0.99674445
ORD0094120,44.48213866,0.07284875
ORD0094121,27.22831348,0.99944312
ORD0094122,30.05762275,0.84844116
ORD0094123,8.75815467,0.00011728
ORD0094124,8.36252094,0.00012050
ORD0094125,8.95152621,0.00020153
ORD0094126,8.00219666,0.00005658
ORD0094127,11.84613289,0.00015210
ORD0094128,11.94032320,0.00007114
ORD0094129,14.73317726,0.01563988
ORD0094130,16.90062958,0.15163933
ORD0094132,44.61864822,0.95065341
ORD0094133,8.37130678,0.00038300
ORD0094134,8.87225543,0.00020590
ORD0094135,8.44197491,0.00003653
ORD0094137,18.79440675,0.00010018
ORD0094139,24.27237360,0.99887269
ORD0094141,12.28814417,0.00030963
ORD0094143,14.87899597,0.00321652
ORD0094144,16.56711627,0.00222577
ORD0094145,62.49460255,0.00039483
ORD0094146,51.67898621,0.00034323
ORD0094147,35.69266034,0.00016308
ORD0094148,13.45024833,0.00765643
ORD0094149,11.50609128,0.00390370
ORD0094150,11.82053387,0.05796189
ORD0094151,12.09026763,0.59950969
ORD0094152,19.05933516,0.00024626
ORD0094153,18.89706593,0.00039238
ORD0094154,11.14773068,0.12265766
ORD0094155,13.75764294,0.99572310
ORD0094156,13.88848188,0.75566611
ORD0094157,16.21029624,0.99731019
ORD0094158,21.71212659,0.68596632
ORD0094159,25.33940426,0.99773795
ORD0094160,17.43083514,0.99179104
ORD0094161,20.33520901,0.99942708
ORD0094162,21.48631550,0.00113321
ORD0094163,29.98338601,0.98188272
ORD0094164,12.10790509,0.99779714
ORD0094165,13.95365860,0.00037843
ORD0094166,14.67087083,0.01654861
ORD0094167,25.00240963,0.00452050
ORD0094168,21.15948351,0.00108461
ORD0094169,14.45979234,0.00028985
ORD0094170,11.46173325,0.00020370
ORD0094171,26.80987917,0.08330951
ORD0094172,18.47151521,0.00963624
ORD0094173,15.86296522,0.00047904
ORD0094174,17.17918161,0.00017559
ORD0094175,13.97536555,0.84463065
ORD0094176,9.83917677,0.22673894
ORD0094177,18.39358107,0.99276395
ORD0094178,16.94112063,0.83128810
ORD0094179,8.01180527,0.00340278
ORD0094180,7.82404033,0.00061035
ORD0094181,50.47379648,0.00029195
ORD0094182,13.33016032,0.95645802
ORD0094183,14.77183053,0.38879692
ORD0094184,17.22582494,0.99073301
ORD0094185,14.86138581,0.81282818
ORD0094186,28.49721809,0.04346067
ORD0094187,23.25041095,0.04424060
ORD0094188,18.77356242,0.99516044
ORD0094189,21.84683110,0.51582404
ORD0094190,18.84780544,0.94174361
ORD0094191,16.59374776,0.34365122
ORD0094192,18.22924813,0.00103445
ORD0094193,19.33294307,0.03299568
ORD0094194,13.22243480,0.00206708
ORD0094195,12.27651947,0.11808207
ORD0094196,13.98877097,0.00140478
ORD0094197,11.17819793,0.02681557
ORD0094198,11.14095768,0.01337782
ORD0094199,12.84595526,0.44978824
ORD0094200,10.13631273,0.02241970
ORD0094201,8.25808314,0.02320528
ORD0094202,15.22185757,0.00478100
ORD0094203,15.36342082,0.00406874
ORD0094204,12.29869948,0.00165355
ORD0094205,10.43308038,0.00149327
ORD0094206,7.53579720,0.00093623
ORD0094207,9.15245545,0.18817985
ORD0094208,10.63048521,0.25250321
ORD0094209,11.00508083,0.40065419
ORD0094210,8.39652942,0.48788591
ORD0094211,8.37339593,0.50205837
ORD0094212,13.45491410,0.93730623
ORD0094213,10.10713376,0.98223480
ORD0094214,10.09463259,0.93353097
ORD0094215,10.40644154,0.01864782
ORD0094216,9.46944927,0.00016338
ORD0094217,10.41946870,0.26664725
ORD0094218,9.31633218,0.00022331
ORD0094219,7.16529281,0.00037899
ORD0094220,6.72870145,0.00010339
ORD0094221,10.18537606,0.94098702
ORD0094222,9.15705131,0.00052520
ORD0094223,10.17783833,0.95791520
ORD0094224,8.30330688,0.01017530
ORD0094225,10.27156678,0.97761612
ORD0094226,9.19702852,0.00232966
ORD0094227,8.48925009,0.00017878
ORD0094228,13.18985340,0.00036090
ORD0094229,13.24398050,0.00099492
ORD0094230,23.65579449,0.00025391
ORD0094231,23.79481654,0.00022938
ORD0094232,8.12411743,0.00473900
ORD0094233,11.66691130,0.01623194
ORD0094234,13.24278803,0.17117237
ORD0094235,17.31402989,0.00012514
ORD0094236,14.60772702,0.00034117
ORD0094237,15.35572393,0.00010167
ORD0094238,19.99664073,0.00279258
ORD0094239,16.65938249,0.00043127
ORD0094240,14.08251092,0.00011682
ORD0094241,8.95343867,0.00015512
ORD0094242,13.40905432,0.07916444
ORD0094243,16.17672442,0.00255374
ORD0094244,12.87090441,0.00008999
ORD0094245,15.38388026,0.19517711
ORD0094246,14.07904230,0.13584334
ORD0094247,8.03693538,0.02215488
ORD0094248,8.26346780,0.04436892
ORD0094249,9.88227367,0.37367527
ORD0094250,8.22657307,0.35686910
ORD0094251,22.23946599,0.83372312
ORD0094252,22.74933531,0.72620006
ORD0094253,12.77512518,0.05302386
ORD0094254,10.23067652,0.07109227
ORD0094255,10.09460107,0.11492337
ORD0094256,10.56877877,0.20907472
ORD0094257,21.76818392,0.59148245
ORD0094258,13.18338316,0.29932628
ORD0094259,16.06522449,0.90072343
ORD0094260,11.99801389,0.45612448
ORD0094261,13.52584189,0.00077715
ORD0094262,11.42347794,0.00069837
ORD0094263,11.03421156,0.00072845
ORD0094264,40.90461133,0.00897422
ORD0094265,16.49457650,0.19777038
ORD0094266,12.40418864,0.95282384
ORD0094267,12.19739855,0.82026083
ORD0094268,11.11974868,0.99714094
ORD0094269,16.41650912,0.99671640
ORD0094270,16.11619210,0.99458777
ORD0094271,11.90826771,0.00130834
ORD0094272,11.17860834,0.00035736
ORD0094273,16.56461842,0.01039078
ORD0094275,21.54455644,0.13010624
ORD0094276,29.51503215,0.80624743
ORD0094278,13.30825149,0.00014091
ORD0094279,11.47488030,0.48724143
ORD0094280,22.01264452,0.00017449
ORD0094281,21.33003172,0.99678317
ORD0094282,14.64556184,0.00157300
ORD0094283,15.56280068,0.96495602
ORD0094284,9.97411534,0.04576104
ORD0094285,14.27512723,0.00176547
ORD0094286,15.96293349,0.00017993
ORD0094287,23.65034555,0.99623105
ORD0094289,13.77099257,0.99375931
ORD0094290,12.25058819,0.06121125
ORD0094291,14.17163385,0.99757813
ORD0094292,19.02947142,0.00027391
ORD0094293,11.70903687,0.01919056
ORD0094294,12.59446735,0.98135301
ORD0094295,16.89489572,0.40773688
ORD0094296,19.94758013,0.97063395
ORD0094297,19.46917074,0.99666315
ORD0094298,19.53599946,0.99783261
ORD0094299,24.15623653,0.00110153
ORD0094300,30.84448915,0.30788271
ORD0094301,13.68860896,0.99902485
ORD0094302,11.87888120,0.99942830
ORD0094303,15.43827700,0.95911237
ORD0094304,102.49034859,0.33930054
ORD0094305,67.55228580,0.43214485
ORD0094306,35.69229293,0.00026727
ORD0094307,22.68375423,0.00082050
ORD0094308,21.44562610,0.00055312
ORD0094309,14.21874977,0.00021641
ORD0094310,12.60490439,0.00081586
ORD0094311,21.02794793,0.01523716
ORD0094312,18.91539124,0.00773270
ORD0094313,17.30705709,0.00014961
ORD0094314,10.95598096,0.57806170
ORD0094315,17.63570543,0.94520137
ORD0094316,9.85762786,0.00076857
ORD0094317,67.64663063,0.00032930
ORD0094318,13.32985233,0.04096786
ORD0094319,11.14951422,0.00327723
ORD0094320,15.44740915,0.22202538
ORD0094321,13.19172431,0.02064631
ORD0094322,24.69083807,0.00100359
ORD0094323,26.13018209,0.00062833
ORD0094324,17.63821590,0.68523840
ORD0094325,14.87008288,0.08144205
ORD0094326,25.23568164,0.00314742
ORD0094327,18.89291932,0.00085709
ORD0094328,13.26487477,0.01984342
ORD0094329,14.28978647,0.00392472
ORD0094330,21.31789068,0.00156255
ORD0094331,11.20433285,0.00410712
ORD0094332,17.52612256,0.00220961
ORD0094333,12.75424583,0.03352783
ORD0094334,9.21531002,0.00608350
ORD0094335,17.62828264,0.00122959
ORD0094336,12.16976598,0.00088863
ORD0094337,13.41571012,0.00258416
ORD0094338,10.93910230,0.06268909
ORD0094339,9.65128895,0.00492236
ORD0094340,10.12095705,0.00255012
ORD0094341,8.98574737,0.03998299
ORD0094342,11.14538871,0.24466182
ORD0094343,9.72284326,0.89316730
ORD0094344,13.80079133,0.83133196
ORD0094345,11.80988695,0.97523828
ORD0094346,11.78756655,0.98620216
ORD0094347,11.13080876,0.00010356
ORD0094348,10.62134186,0.00003342
ORD0094349,11.60808634,0.00008132
ORD0094350,10.22409123,0.00017190
ORD0094351,7.61672623,0.00005455
ORD0094352,9.78869758,0.00069264
ORD0094353,10.21344831,0.00004006
ORD0094354,9.43329185,0.00615426
ORD0094355,9.19281583,0.00004915
ORD0094356,11.10120358,0.04944407
ORD0094357,9.69879587,0.00010956
ORD0094358,9.84150585,0.00007589
ORD0094359,10.37483216,0.00006343
ORD0094360,15.78870125,0.00009827
ORD0094361,13.56265013,0.00023116
ORD0094362,25.09916835,0.00016826
ORD0094363,21.57423839,0.00036354
ORD0094364,9.78648510,0.00027831
ORD0094365,14.20540482,0.00129765
ORD0094366,13.88710168,0.00241278
ORD0094367,97.76384088,0.28492256
ORD0094368,54.51996654,0.00023577
ORD0094369,20.92485002,0.00181626
ORD0094370,18.33446613,0.02853008
ORD0094371,19.00391139,0.00041236
ORD0094372,25.14192983,0.62319168
ORD0094373,14.61332182,0.00033705
ORD0094374,10.80160295,0.00018613
ORD0094375,17.97705962,0.98891180
ORD0094376,17.71189374,0.00215885
ORD0094377,12.84270984,0.00092382
ORD0094378,15.31988994,0.00021480
ORD0094379,17.95446313,0.23382635
ORD0094380,13.31375122,0.03048799
ORD0094381,10.14324090,0.04886879
ORD0094382,7.42108819,0.02312601
ORD0094383,13.36509231,0.47903157
ORD0094384,9.04124091,0.13569012
ORD0094385,25.17914025,0.90567192
ORD0094386,17.86510041,0.34813089
ORD0094387,12.59489001,0.10359028
ORD0094388,11.23478812,0.12399046
ORD0094389,11.54796043,0.17000785
ORD0094390,12.70173891,0.27722799
ORD0094391,11.74758697,0.29475399
ORD0094392,22.28631160,0.11337342
ORD0094393,14.84824333,0.19265599
ORD0094394,13.14871124,0.16964691
ORD0094395,10.14651515,0.34618645
ORD0094396,16.65092982,0.00176346
ORD0094397,13.01350615,0.04073765
ORD0094398,15.36950148,0.01062967
ORD0094399,14.65866440,0.37126657
ORD0094400,47.56482032,0.49266645
ORD0094401,24.25568716,0.97855946
ORD0094402,24.24742257,0.93120131
ORD0094403,36.56865475,0.00058085
ORD0094404,11.43649233,0.00011122
ORD0094405,13.21272301,0.14779740
ORD0094406,10.83581017,0.00020383
ORD0094407,13.16742216,0.98233418
ORD0094408,16.12047009,0.00016385
ORD0094409,18.10726461,0.98374093
ORD0094410,14.79857240,0.00006883
ORD0094411,13.70995252,0.00023860
ORD0094412,16.15668439,0.07178845
ORD0094413,20.57939365,0.08795341
ORD0094414,21.67108662,0.39543469
ORD0094415,19.47367477,0.47486294
ORD0094416,36.42772783,0.98704893
ORD0094417,12.85233190,0.00015962
ORD0094418,10.99651521,0.00018323
ORD0094419,12.20819297,0.00012226
ORD0094421,22.14707496,0.00030557
ORD0094423,25.88581485,0.99927474
ORD0094425,14.65622593,0.00014105
ORD0094426,21.22572269,0.00400641
ORD0094427,14.94174553,0.00139650
ORD0094428,19.90177590,0.00028940
ORD0094430,65.92841394,0.00149197
ORD0094431,62.44385267,0.00120746
ORD0094432,55.07488625,0.00087928
ORD0094433,78.33782131,0.00187823
ORD0094434,35.58250050,0.00020124
ORD0094435,59.72699619,0.00016051
ORD0094436,15.31850226,0.00017201
ORD0094437,13.19054505,0.00017827
ORD0094438,14.70581948,0.00037423
ORD0094439,14.94256278,0.00106599
ORD0094440,21.64984496,0.00021941
ORD0094441,20.67934282,0.00015674
ORD0094442,10.32943466,0.00211498
ORD0094443,16.56261619,0.05970177
ORD0094444,28.84880176,0.79195611
ORD0094445,23.27627235,0.00631163
ORD0094446,22.93509154,0.99195714
ORD0094447,37.87020998,0.00298076
ORD0094448,15.02744573,0.99887644
ORD0094449,17.20135103,0.21559590
ORD0094450,15.49601363,0.00123614
ORD0094451,14.18098643,0.00015768
ORD0094452,32.10041091,0.30211229
ORD0094453,17.27860686,0.00107901
ORD0094454,15.53071330,0.00168581
ORD0094455,32.05016549,0.96057639
ORD0094456,25.83055314,0.55245084
ORD0094457,21.81039219,0.01096882
ORD0094458,20.41353415,0.01458215
ORD0094459,18.55677771,0.99849301
ORD0094460,24.30638375,0.99946406
ORD0094461,22.70337039,0.98652714
ORD0094462,12.40703389,0.19591476
ORD0094463,13.24237582,0.35792056
ORD0094464,17.86941250,0.75646122
ORD0094465,18.94026875,0.87459442
ORD0094466,20.44788127,0.95357671
ORD0094467,20.07707284,0.97704039
ORD0094468,29.62439983,0.01243096
ORD0094469,28.10944506,0.02143476
ORD0094470,22.15932601,0.99384668
ORD0094471,21.99032456,0.99548832
ORD0094472,20.84728390,0.14154621
ORD0094473,21.61553986,0.28594798
ORD0094474,23.52106949,0.65308381
ORD0094475,18.21041491,0.84495711
ORD0094476,24.99384175,0.01187951
ORD0094477,22.94648319,0.00083512
ORD0094478,15.41425038,0.03622214
ORD0094479,15.45049739,0.00201166
ORD0094480,18.21618386,0.00756659
ORD0094481,13.89519836,0.00120722
ORD0094482,15.80191020,0.30092174
ORD0094483,13.46455605,0.00609275
ORD0094484,11.86645738,0.00088059
ORD0094485,16.72695898,0.95398547
ORD0094486,20.07599673,0.00085222
ORD0094487,21.08807878,0.58638391
ORD0094488,17.08412884,0.19043594
ORD0094489,14.94318933,0.12720980
ORD0094490,10.80695923,0.00297600
ORD0094491,13.82462483,0.01657825
ORD0094492,8.72573738,0.00530672
ORD0094493,8.27642898,0.01524283
ORD0094494,15.18851431,0.07092231
ORD0094495,15.33829689,0.18426719
ORD0094496,12.73206189,0.38647889
ORD0094497,13.05746966,0.00013927
ORD0094498,11.54526251,0.00024625
ORD0094499,14.77738694,0.58702098
ORD0094500,12.07233964,0.00013174
ORD0094501,11.63197738,0.00014016
ORD0094502,11.23032095,0.00082732
ORD0094503,10.07203708,0.00011156
ORD0094504,9.26832087,0.00013232
ORD0094505,10.48838527,0.00045378
ORD0094506,11.25245070,0.01181919
ORD0094507,10.53652365,0.00198313
ORD0094508,12.11406452,0.13211030
ORD0094509,11.28236770,0.03936644
ORD0094510,13.28258720,0.72354286
ORD0094511,11.38831752,0.00007282
ORD0094512,16.57292471,0.00027205
ORD0094513,20.58607078,0.00025769
ORD0094514,23.69567902,0.00031960
ORD0094515,12.38947508,0.00242909
ORD0094516,15.64811178,0.03724755
ORD0094517,14.07226486,0.00055336
ORD0094518,28.01851432,0.00021017
ORD0094519,81.77497723,0.00139477
ORD0094520,73.62398155,0.00074102
ORD0094521,55.77409058,0.00086913
ORD0094522,59.61392598,0.00030742
ORD0094523,97.14816381,0.00256092
ORD0094524,23.84866338,0.00035560
ORD0094525,21.99461931,0.00024980
ORD0094526,19.60823456,0.00260664
ORD0094527,23.44918266,0.00043546
ORD0094528,21.54291861,0.03400213
ORD0094529,15.50860661,0.00019032
ORD0094530,20.74875045,0.61334552
ORD0094531,18.44633959,0.00655522
ORD0094532,17.50439050,0.00019082
ORD0094533,19.83391512,0.37167041
ORD0094534,12.34132699,0.06791431
ORD0094535,18.15057149,0.69192930
ORD0094536,11.53187713,0.29302319
ORD0094537,26.82318291,0.97525363
ORD0094538,21.41058634,0.79568394
ORD0094539,18.69537633,0.18799293
ORD0094540,14.99328404,0.10046087
ORD0094541,18.04009475,0.94299030
ORD0094542,13.84034601,0.92555105
ORD0094543,15.78363267,0.98325993
ORD0094544,15.23496635,0.65280846
ORD0094545,27.52700113,0.82684568
ORD0094546,18.22685699,0.93934668
ORD0094547,15.01621632,0.90736541
ORD0094548,19.45494642,0.00209597
ORD0094549,19.88743458,0.08102846
ORD0094550,19.10851262,0.00115355
ORD0094551,48.48270333,0.91320653
ORD0094552,40.81387865,0.00643410
ORD0094553,24.87450222,0.99582241
ORD0094554,28.01350963,0.18634046
ORD0094555,11.16722650,0.00210859
ORD0094556,11.16457272,0.00024849
ORD0094557,12.22748798,0.08221566
ORD0094558,11.52098013,0.00136608
ORD0094559,16.98651350,0.04365333
ORD0094560,15.75137803,0.00065355
ORD0094561,16.89629055,0.00051496
ORD0094562,14.25914011,0.00014114
ORD0094563,18.26282034,0.00671234
ORD0094564,18.74541239,0.00520821
ORD0094565,24.25138219,0.06728161
ORD0094566,41.89018391,0.91913404
ORD0094567,26.80792374,0.55866400
ORD0094568,11.98824467,0.00011519
ORD0094569,7.79531273,0.01018763
ORD0094570,11.74636990,0.00021181
ORD0094571,11.57626991,0.00241253
ORD0094572,26.90846622,0.00007141
ORD0094573,28.31912462,0.99796610
ORD0094574,15.95301165,0.00284803
ORD0094575,26.73893448,0.00082866
ORD0094576,18.10307495,0.00013157
ORD0094577,24.77313624,0.06566214
ORD0094578,15.96953498,0.01634218
ORD0094579,16.74510782,0.29294311
ORD0094580,14.40510288,0.00085548
ORD0094581,23.96496043,0.00082413
ORD0094582,13.72715717,0.00017402
ORD0094583,10.57705368,0.00361473
ORD0094584,22.32835677,0.90866908
ORD0094585,16.50383208,0.02636922
ORD0094586,23.94018054,0.00051200
ORD0094587,27.55999671,0.36795132
ORD0094588,23.04001652,0.00245785
ORD0094589,34.57943086,0.00012340
ORD0094590,32.01174924,0.00016942
ORD0094591,15.13191982,0.01884786
ORD0094592,17.81986157,0.00816634
ORD0094593,20.46896262,0.00015241
ORD0094594,111.62172174,0.00027557
ORD0094595,30.30899817,0.00602931
ORD0094596,17.61773623,0.00038176
ORD0094597,25.37621065,0.20986657
ORD0094598,21.93317890,0.00042409
ORD0094599,19.73020543,0.02145980
ORD0094600,17.29720202,0.93252136
ORD0094601,13.80556811,0.60738061
ORD0094602,24.17700677,0.99627367
ORD0094603,12.02134918,0.00326261
ORD0094604,12.05015407,0.39896007
ORD0094605,18.16534742,0.02314690
ORD0094606,18.87106781,0.33558898
ORD0094607,33.36124139,0.00063912
ORD0094608,20.09423532,0.81440297
ORD0094609,18.43815860,0.00069306
ORD0094610,28.35755209,0.00093552
ORD0094611,24.67394907,0.00085171
ORD0094612,19.26332653,0.02014967
ORD0094613,74.00677408,0.00463615
ORD0094614,54.81465866,0.00066926
ORD0094615,26.90218257,0.00117602
ORD0094616,15.76409578,0.00304074
ORD0094617,18.50340765,0.00087227
ORD0094618,19.42273804,0.00171822
ORD0094619,15.35381205,0.02789154
ORD0094620,12.91479940,0.00065625
ORD0094621,62.81494270,0.00069058
ORD0094622,11.79610442,0.00203018
ORD0094623,15.53228781,0.03689525
ORD0094624,20.90401961,0.00096248
ORD0094625,19.78174069,0.00509739
ORD0094626,13.91219027,0.00226613
ORD0094627,14.32355646,0.00181907
ORD0094628,12.53340762,0.01729750
ORD0094629,15.91125054,0.32185431
ORD0094630,33.20936841,0.00196517
ORD0094631,58.19487517,0.00194780
ORD0094632,8.80604938,0.00535827
ORD0094633,14.03478601,0.08145914
ORD0094634,15.39731660,0.02545832
ORD0094635,13.44417869,0.54822017
ORD0094636,13.02015881,0.00061614
ORD0094637,11.89678449,0.00025707
ORD0094638,11.13980512,0.00017476
ORD0094639,11.06150651,0.00014744
ORD0094640,9.48958777,0.00248162
ORD0094641,8.51638963,0.00018156
ORD0094642,10.66323622,0.05385337
ORD0094643,10.64472580,0.00072311
ORD0094644,10.88958106,0.56698488
ORD0094645,12.17588555,0.91326149
ORD0094646,10.37954789,0.00853953
ORD0094647,12.35875915,0.97293322
ORD0094648,10.01998803,0.00012606
ORD0094649,17.51996017,0.03741792
ORD0094650,15.62517133,0.00019706
ORD0094651,26.40601899,0.01455510
ORD0094652,27.52238741,0.00023163
ORD0094653,13.30882007,0.89369985
ORD0094654,14.02287450,0.00097091
ORD0094655,20.32542048,0.99131154
ORD0094656,21.19697456,0.00071682
ORD0094657,19.91882498,0.17594678
ORD0094658,18.15683605,0.00222384
ORD0094659,17.97015748,0.02625805
ORD0094660,23.33976912,0.94432990
ORD0094661,14.90204056,0.00016255
ORD0094662,17.69671061,0.51596804
ORD0094663,18.61627858,0.00021364
ORD0094664,15.92528144,0.05959476
ORD0094665,18.25425470,0.28679115
ORD0094666,18.10834423,0.53659056
ORD0094667,10.77010098,0.03867464
ORD0094668,14.97941178,0.60120990
ORD0094669,26.43783262,0.93391492
ORD0094670,20.25815555,0.88846521
ORD0094671,17.05693854,0.08948606
ORD0094672,15.43563186,0.13228139
ORD0094673,12.42302743,0.35315350
ORD0094674,11.25194496,0.47425702
ORD0094675,29.07737963,0.83136925
ORD0094676,20.33493129,0.23584394
ORD0094677,19.11932682,0.98187759
ORD0094678,125.19005552,0.15084237
ORD0094679,17.86109289,0.00079647
ORD0094680,13.20579108,0.00042933
ORD0094681,15.44595234,0.00182215
ORD0094682,18.18065545,0.00033520
ORD0094683,51.58433745,0.12536890
ORD0094684,36.19261291,0.00247660
ORD0094685,30.01616336,0.95145187
ORD0094686,27.43946388,0.02043814
ORD0094687,12.34840340,0.96481550
ORD0094688,11.60028941,0.99866538
ORD0094689,11.58185329,0.99688284
ORD0094690,18.26983644,0.99878481
ORD0094691,15.83539399,0.97829815
ORD0094692,13.50815090,0.00016609
ORD0094693,9.71680351,0.02278541
ORD0094694,18.89491143,0.90362681
ORD0094695,13.30089206,0.00027474
ORD0094696,25.71647659,0.98930193
ORD0094697,22.12455814,0.03000955
ORD0094698,29.29667475,0.99900882
ORD0094699,33.96463825,0.97857897
ORD0094700,9.83210459,0.00062815
ORD0094701,9.92499464,0.00027745
ORD0094702,9.93594606,0.00019980
ORD0094703,20.74864194,0.00337214
ORD0094704,19.17389253,0.00013257
ORD0094705,25.53136245,0.99972669
ORD0094706,20.55540265,0.99983267
ORD0094707,14.94100405,0.97708710
ORD0094708,16.95733568,0.17852795
ORD0094709,12.79870761,0.00035335
ORD0094710,21.82658104,0.00037322
ORD0094711,26.45146604,0.99930281
ORD0094712,16.48473000,0.00580722
ORD0094713,14.00516542,0.14823349
ORD0094714,11.48983711,0.00141756
ORD0094715,26.66713054,0.00220821
ORD0094716,21.30554936,0.00039242
ORD0094717,14.43056212,0.62299767
ORD0094718,11.15087857,0.01913809
ORD0094719,17.11849436,0.86264651
ORD0094720,13.96237728,0.22458685
ORD0094721,31.01535641,0.99466262
ORD0094722,21.35383747,0.99949095
ORD0094723,23.04456388,0.30364836
ORD0094724,31.41489143,0.04574267
ORD0094725,39.48330951,0.00956731
ORD0094726,13.69268040,0.99255359
ORD0094727,14.38743995,0.97943712
ORD0094728,14.13421937,0.00173784
ORD0094729,16.58565794,0.00107997
ORD0094730,25.32172110,0.00622443
ORD0094731,22.86066121,0.00199903
ORD0094732,15.62519471,0.00050986
ORD0094733,13.89290445,0.00067647
ORD0094734,28.57699523,0.21872437
ORD0094735,19.05299985,0.00044622
ORD0094736,15.57509924,0.96243296
ORD0094737,11.59167419,0.02991423
ORD0094738,23.78674163,0.99765457
ORD0094739,18.61480579,0.39540174
ORD0094740,10.20855026,0.00359147
ORD0094741,9.26498199,0.00114977
ORD0094742,14.33937139,0.01993670
ORD0094743,17.92053875,0.25025330
ORD0094744,31.82694845,0.00101457
ORD0094745,23.44320159,0.00107983
ORD0094746,18.30083827,0.81105009
ORD0094747,19.11736888,0.00209972
ORD0094748,18.17050837,0.01382244
ORD0094749,13.87878594,0.00099438
ORD0094750,25.69813967,0.00090022
ORD0094751,24.63726741,0.00239092
ORD0094752,26.51459859,0.00136102
ORD0094753,16.71438366,0.00540289
ORD0094754,15.54250495,0.00259172
ORD0094755,15.79529556,0.00182029
ORD0094756,14.82032752,0.00131920
ORD0094757,13.97059702,0.06628231
ORD0094758,15.60741416,0.99507668
ORD0094759,13.84983660,0.98367077
ORD0094760,20.66322578,0.98713315
ORD0094761,24.13793064,0.89662226
ORD0094762,16.11759283,0.95940105
ORD0094763,13.60892694,0.99817390
ORD0094764,12.30881458,0.99584444
ORD0094765,15.24883222,0.99901410
ORD0094766,13.44005904,0.99670419
ORD0094767,8.70718506,0.01321298
ORD0094768,12.22594839,0.18984441
ORD0094769,14.37844938,0.31155133
ORD0094770,11.40092045,0.71936268
ORD0094771,12.42949175,0.83519181
ORD0094772,12.03565992,0.00019775
ORD0094773,13.18636258,0.90282698
ORD0094774,14.56779113,0.99812800
ORD0094775,11.87460861,0.00161022
ORD0094776,11.23875232,0.00032128
ORD0094777,12.63370441,0.99418356
ORD0094778,9.01192488,0.00020180
ORD0094779,8.49043970,0.00813123
ORD0094780,10.68572821,0.00041220
ORD0094781,10.53576134,0.00163043
ORD0094782,12.67773023,0.99784288
ORD0094783,10.69006957,0.02011307
ORD0094784,13.39817798,0.99893406
ORD0094785,11.98695604,0.35948524
ORD0094786,15.28490537,0.02861264
ORD0094787,28.58182859,0.00414031
ORD0094788,11.90583085,0.46513510
ORD0094789,13.15120721,0.00203235
ORD0094790,17.67872186,0.98752566
ORD0094791,12.57700465,0.13893927
ORD0094792,21.73341093,0.00884475
ORD0094793,20.26181995,0.00129545
ORD0094794,21.21987087,0.30965454
ORD0094795,23.54858931,0.00955410
ORD0094796,25.04710217,0.98028860
ORD0094797,21.15674351,0.29455063
ORD0094798,13.56326692,0.00068737
ORD0094799,12.75492739,0.00037878
ORD0094800,22.61977999,0.99871717
ORD0094801,18.94183686,0.95365190
ORD0094802,17.38576443,0.00248428
ORD0094803,16.25848905,0.00050519
ORD0094804,23.74270159,0.50588716
ORD0094805,14.90989446,0.50930955
ORD0094806,9.96679143,0.04167137
ORD0094807,8.70939454,0.04781829
ORD0094808,14.63293752,0.91910778
ORD0094809,14.71544871,0.78758616
ORD0094810,24.19875766,0.99174796
ORD0094811,20.75249756,0.18458566
ORD0094812,14.11332129,0.26837954
ORD0094813,34.92805069,0.03872693
ORD0094814,15.58746018,0.56559583
ORD0094815,11.30706482,0.40200658
ORD0094816,15.93586451,0.95000482
ORD0094817,21.19522896,0.16303057
ORD0094818,20.84976517,0.16727281
ORD0094819,17.06879443,0.32860136
ORD0094820,18.88936453,0.11206013
ORD0094821,18.87461745,0.80196515
ORD0094822,19.61718110,0.58381388
ORD0094823,45.23731978,0.99354133
ORD0094824,46.39901257,0.99532543
ORD0094825,24.55258989,0.99917705
ORD0094826,9.06556334,0.00007504
ORD0094827,8.82234689,0.00005959
ORD0094828,13.25975548,0.00004583
ORD0094829,12.84769548,0.00022996
ORD0094830,14.45653812,0.00044691
ORD0094831,24.77944397,0.00276132
ORD0094832,21.74338217,0.00124834
ORD0094833,23.97119877,0.02755755
ORD0094834,21.56695663,0.01313726
ORD0094835,9.63099749,0.00017205
ORD0094836,7.19117111,0.00081290
ORD0094837,10.94257166,0.00012633
ORD0094838,20.69851303,0.00012576
ORD0094839,19.85939027,0.00010102
ORD0094840,18.30302873,0.56004115
ORD0094841,18.15523494,0.51788959
ORD0094842,12.64470306,0.00386467
ORD0094843,11.21757175,0.70018891
ORD0094844,17.41437065,0.00016676
ORD0094845,17.64443689,0.04528812
ORD0094846,24.32305831,0.99706221
ORD0094847,12.19467158,0.00156514
ORD0094848,12.38164832,0.00008809
ORD0094849,12.40328472,0.00106607
ORD0094850,20.51661771,0.00011273
ORD0094851,18.36636817,0.00012884
ORD0094852,9.99248285,0.00801557
ORD0094853,14.40800973,0.01330605
ORD0094854,12.53069947,0.00023146
ORD0094855,18.33477721,0.08815108
ORD0094856,20.09024242,0.00062395
ORD0094857,12.93438736,0.87047996
ORD0094858,14.19457651,0.00630281
ORD0094859,23.05140235,0.00025234
ORD0094860,12.18659928,0.98506010
ORD0094861,9.17214604,0.25611448
ORD0094862,16.19926877,0.00008827
ORD0094863,23.41683924,0.00836144
ORD0094864,21.33273503,0.00016706
ORD0094865,12.92186099,0.00032305
ORD0094866,19.57968264,0.13580548
ORD0094867,18.22164206,0.00053790
ORD0094868,18.61501289,0.00054223
ORD0094869,21.71394869,0.00023190
ORD0094870,14.60991115,0.83300870
ORD0094871,10.54449640,0.00898625
ORD0094872,19.66504178,0.99228074
ORD0094873,16.87935276,0.07848415
ORD0094874,9.38631980,0.00459743
ORD0094875,26.15663914,0.00028732
ORD0094876,21.28675478,0.00045195
ORD0094877,14.22210155,0.98372044
ORD0094878,12.65420662,0.11120280
ORD0094879,17.04087043,0.99666362
ORD0094880,14.07492334,0.64160044
ORD0094881,27.37217116,0.06912332
ORD0094882,19.11789088,0.99711239
ORD0094883,18.53350192,0.95405294
ORD0094884,28.82089392,0.74793535
ORD0094885,22.92205177,0.04656374
ORD0094886,20.90136413,0.97633161
ORD0094887,19.06004232,0.00052158
ORD0094888,23.90093622,0.81889009
ORD0094889,12.77190223,0.00083571
ORD0094890,13.94178192,0.00079670
ORD0094891,15.40105317,0.55894522
ORD0094892,13.34364493,0.00373267
ORD0094893,14.69030165,0.95469473
ORD0094894,9.49055086,0.00320748
ORD0094895,15.36617730,0.00133483
ORD0094896,14.93974074,0.90093701
ORD0094897,11.05768708,0.01509752
ORD0094898,8.67533450,0.00139945
ORD0094899,10.54740973,0.19555003
ORD0094900,9.00462998,0.00320663
ORD0094901,8.23155666,0.00274087
ORD0094902,6.54539153,0.00400925
ORD0094903,13.22421441,0.00936452
ORD0094904,10.03025251,0.02592856
ORD0094905,9.35797680,0.12360895
ORD0094906,10.15400161,0.39631285
ORD0094907,12.18158088,0.00753618
ORD0094908,11.99279852,0.00017970
ORD0094909,10.55360290,0.00020804
ORD0094910,11.11524608,0.08986138
ORD0094911,10.56178259,0.00094510
ORD0094912,8.03534909,0.00031113
ORD0094913,8.13053592,0.00035335
ORD0094914,12.68885257,0.84611014
ORD0094915,11.14987549,0.98291963
ORD0094916,13.91329967,0.99019164
ORD0094917,11.06904990,0.00344365
ORD0094918,11.08104401,0.00149728
ORD0094919,17.30420641,0.96846171
ORD0094920,22.71711869,0.58842175
ORD0094921,27.31927675,0.71335104
ORD0094922,11.98459751,0.99812322
ORD0094923,14.73310639,0.97736398
ORD0094924,16.43552485,0.99933495
ORD0094925,14.07304927,0.99796038
ORD0094926,20.10342042,0.00064678
ORD0094927,19.39689587,0.09353472
ORD0094928,19.77914569,0.00482537
ORD0094929,19.69663157,0.09038334
ORD0094930,22.17958747,0.82747050
ORD0094931,13.93153919,0.00022782
ORD0094932,10.42024854,0.00230145
ORD0094933,20.49618221,0.84972394
ORD0094934,17.55020217,0.00030509
ORD0094935,14.69463317,0.03584795
ORD0094936,80.70903586,0.00024049
ORD0094937,23.60148931,0.00024389
ORD0094938,19.31531240,0.98551087
ORD0094939,13.88958688,0.91386520
ORD0094940,9.78376867,0.60729614
ORD0094941,15.95185548,0.98876271
ORD0094942,26.14877852,0.99695642
ORD0094943,19.18769787,0.97500439
ORD0094944,16.32329831,0.88688910
ORD0094945,12.03525342,0.19224722
ORD0094946,13.49116782,0.58312340
ORD0094947,11.94461159,0.50127749
ORD0094948,10.72607425,0.08159352
ORD0094949,18.52889305,0.28184476
ORD0094950,15.48940890,0.44451925
ORD0094951,12.73406899,0.88959059
ORD0094952,36.83748120,0.11883721
ORD0094953,18.83062694,0.00066561
ORD0094954,13.66290995,0.00063476
ORD0094955,15.50091962,0.00068318
ORD0094956,38.02725648,0.00418433
ORD0094957,30.24140533,0.00110810
ORD0094958,22.09289419,0.13448174
ORD0094959,25.12192992,0.01022360
ORD0094960,9.47047285,0.00494762
ORD0094961,9.45596732,0.11931307
ORD0094962,10.04296989,0.34006765
ORD0094963,10.07869355,0.27961738
ORD0094964,14.01657571,0.12351290
ORD0094965,13.49910427,0.01513493
ORD0094966,11.29789243,0.00106852
ORD0094967,18.46777176,0.21276858
ORD0094968,16.94728457,0.00013146
ORD0094969,24.31105806,0.72437527
ORD0094970,8.18872049,0.00006487
ORD0094971,8.70378167,0.00854072
ORD0094972,10.21065676,0.00356357
ORD0094973,8.46986674,0.00008104
ORD0094974,21.91686478,0.00004557
ORD0094975,17.99796340,0.26661841
ORD0094976,18.91549835,0.99336433
ORD0094977,15.38932382,0.01225712
ORD0094978,13.75246480,0.99814742
ORD0094979,13.21361919,0.87781418
ORD0094980,16.00649538,0.00055998
ORD0094981,15.96651547,0.00008795
ORD0094982,46.79176657,0.01870206
ORD0094983,52.30309840,0.00135909
ORD0094984,66.50238539,0.00034543
ORD0094985,11.34962124,0.00059985
ORD0094986,11.11421455,0.00010675
ORD0094987,10.73584854,0.00346021
ORD0094988,9.03841330,0.00010679
ORD0094989,19.63516340,0.00022696
ORD0094990,19.79795357,0.00013003
ORD0094991,11.49752087,0.01165336
ORD0094992,9.54476500,0.00283290
ORD0094993,12.91209064,0.19240640
ORD0094994,10.80726567,0.02600717
ORD0094995,20.56197192,0.85928207
ORD0094996,20.18618700,0.33772381
ORD0094997,17.43332925,0.99625145
ORD0094998,14.12710755,0.95339958
ORD0094999,25.33497921,0.00132462
ORD0095000,31.08098610,0.00043764
ORD0095001,11.19313806,0.99846888
ORD0095002,11.12724885,0.00042782
ORD0095003,12.74916776,0.00014829
ORD0095004,25.62849713,0.03279360
ORD0095005,21.22329274,0.03952253
ORD0095006,15.22921928,0.00051138
ORD0095007,12.67623865,0.00059706
ORD0095008,20.12494385,0.79220620
ORD0095009,20.97419652,0.67241213
ORD0095010,16.39242398,0.00134720
ORD0095011,16.56850972,0.00149818
ORD0095012,16.04129027,0.98506428
ORD0095013,11.23960229,0.97803431
ORD0095014,17.50850245,0.99671898
ORD0095015,18.09321288,0.99281239
ORD0095016,9.01901773,0.02222479
ORD0095017,7.78884378,0.02134026
ORD0095018,42.39254272,0.00028854
ORD0095019,12.32406295,0.01515034
ORD0095020,13.02666827,0.00105461
ORD0095021,15.21772963,0.07451456
ORD0095022,13.16143518,0.00688157
ORD0095023,26.61216037,0.00104244
ORD0095024,20.56656730,0.00074344
ORD0095025,16.17930324,0.30165026
ORD0095026,18.49055005,0.00181654
ORD0095027,15.91737592,0.00964468
ORD0095028,11.56596146,0.00139128
ORD0095029,17.84434690,0.00879860
ORD0095030,18.76578131,0.00081007
ORD0095031,12.20845764,0.03051240
ORD0095032,13.77096845,0.00123161
ORD0095033,13.91101733,0.00898959
ORD0095034,11.89642370,0.00097515
ORD0095035,14.03159647,0.25708570
ORD0095036,9.25985244,0.00734709
ORD0095037,9.09692839,0.45766433
ORD0095038,10.12791626,0.08900718
ORD0095039,14.77894151,0.08865170
ORD0095040,14.03623168,0.01935414
ORD0095041,12.06674526,0.01880072
ORD0095042,11.27322493,0.00320244
ORD0095043,7.80193304,0.00096168
ORD0095044,7.46499075,0.00077340
ORD0095045,10.79787884,0.86421015
ORD0095046,9.58771404,0.53248019
ORD0095047,7.45721318,0.20369547
ORD0095048,8.53090138,0.91985228
ORD0095049,12.87559872,0.77818455
ORD0095050,11.07912095,0.96944068
ORD0095051,11.76350301,0.97945033
ORD0095052,8.80621947,0.00009164
ORD0095053,9.78528245,0.00004989
ORD0095054,7.52913017,0.00021504
ORD0095055,8.10505662,0.00003909
ORD0095056,6.91226967,0.00003087
ORD0095057,6.24845970,0.00005156
ORD0095058,7.77260418,0.00126273
ORD0095059,8.00412006,0.00004775
ORD0095060,8.31710821,0.00589524
ORD0095061,7.21418724,0.00008655
ORD0095062,10.34105093,0.05368767
ORD0095063,8.76024274,0.00005714
ORD0095064,7.65063494,0.00003120
ORD0095065,12.16733457,0.00118275
ORD0095066,13.93583692,0.02291328
ORD0095067,18.78847144,0.00146173
ORD0095068,23.08578406,0.01881722
ORD0095069,7.36080097,0.03251254
ORD0095070,8.96068905,0.61556362
ORD0095071,15.62319557,0.63542686
ORD0095072,18.31426975,0.00077092
ORD0095073,16.12413039,0.00787965
ORD0095074,17.38950211,0.04120919
ORD0095075,19.10384169,0.32919734
ORD0095076,20.41737695,0.67667427
ORD0095077,10.31498755,0.00030584
ORD0095078,10.13385259,0.01746586
ORD0095079,18.25677564,0.97133941
ORD0095080,17.01554997,0.98726320
ORD0095081,11.05377321,0.00056302
ORD0095082,15.85546029,0.14559560
ORD0095083,12.86994892,0.17242490
ORD0095084,6.72305145,0.03154608
ORD0095085,6.15856953,0.02686990
ORD0095086,10.59215979,0.24926106
ORD0095087,9.96643251,0.52011307
ORD0095088,22.20406544,0.66068461
ORD0095089,17.95822332,0.89466770
ORD0095090,10.94922832,0.05322756
ORD0095091,9.04848136,0.06896952
ORD0095092,9.88311391,0.17943320
ORD0095093,9.65953447,0.31942169
ORD0095094,21.35458057,0.53913246
ORD0095095,14.97689810,0.20307707
ORD0095096,15.05073206,0.84096669
ORD0095097,11.58222857,0.30126700
ORD0095098,13.31180344,0.00651820
ORD0095099,12.52426240,0.96295690
ORD0095100,14.14754332,0.16308818
ORD0095101,37.50163955,0.92606555
ORD0095102,19.79882198,0.99246566
ORD0095103,8.94809535,0.00007790
ORD0095104,9.37534727,0.00008958
ORD0095105,9.03593636,0.00004673
ORD0095106,12.85237581,0.00003230
ORD0095107,12.28844177,0.00009098
ORD0095108,12.40822931,0.00009600
ORD0095109,12.16467422,0.71361975
ORD0095110,13.26272530,0.00085724
ORD0095111,13.20805592,0.00004478
ORD0095112,19.45339748,0.03514883
ORD0095113,26.77493282,0.44133142
ORD0095114,15.93848231,0.00063133
ORD0095115,10.93078861,0.00006318
ORD0095116,10.04506844,0.00601342
ORD0095117,20.51438491,0.00005212
ORD0095118,20.02006245,0.98752322
ORD0095119,17.21790668,0.26853262
ORD0095120,15.53843604,0.99924119
ORD0095121,13.84652833,0.98927266
ORD0095122,16.12383521,0.00027730
ORD0095123,13.04659886,0.00006399
ORD0095124,16.69536671,0.00011094
ORD0095125,23.97403871,0.99692330
ORD0095126,12.52697087,0.00012901
ORD0095127,11.52763615,0.00011130
ORD0095128,13.06716423,0.00041583
ORD0095129,18.72815337,0.00014381
ORD0095130,14.94556329,0.00373541
ORD0095131,10.42145942,0.00023273
ORD0095132,11.97377512,0.00033252
ORD0095133,18.61978571,0.10064134
ORD0095134,17.38954934,0.79431601
ORD0095135,14.54022350,0.00042846
ORD0095136,25.81787227,0.00017256
ORD0095137,32.33994514,0.00007939
ORD0095138,11.73348564,0.99264994
ORD0095139,10.71527608,0.00638184
ORD0095140,12.89367192,0.00021533
ORD0095141,67.40560976,0.00040801
ORD0095142,37.96459540,0.02452417
ORD0095143,22.70080003,0.00016179
ORD0095144,23.43945672,0.00090644
ORD0095145,17.77056382,0.02034116
ORD0095146,13.49096006,0.00023542
ORD0095147,12.20566178,0.01162525
ORD0095148,23.01914637,0.02481550
ORD0095149,19.41858607,0.45533363
ORD0095150,17.11621051,0.00014114
ORD0095151,13.14747819,0.67502095
ORD0095152,20.85234130,0.98289977
ORD0095153,9.34502990,0.00093184
ORD0095154,12.32962738,0.03053381
ORD0095155,12.08291405,0.00403204
ORD0095156,14.48012848,0.16414775
ORD0095157,12.71936429,0.02094056
ORD0095158,29.20453756,0.00076252
ORD0095159,23.51820938,0.00069361
ORD0095160,17.77245375,0.55893623
ORD0095161,15.54610657,0.16062087
ORD0095162,20.03383274,0.00133522
ORD0095163,19.33269402,0.00093175
ORD0095164,17.49775684,0.01820243
ORD0095165,13.06289625,0.00419882
ORD0095166,19.53596223,0.00049442
ORD0095167,11.67612917,0.00072489
ORD0095168,14.08003196,0.00073134
ORD0095169,11.82331099,0.00233146
ORD0095170,9.91408485,0.00347638
ORD0095171,15.89674774,0.00129841
ORD0095172,14.59590929,0.92606043
ORD0095173,11.22411306,0.02445344
ORD0095174,10.99517648,0.02669038
ORD0095175,8.54079483,0.11347058
ORD0095176,14.70681628,0.45446098
ORD0095177,11.06148891,0.69108887
ORD0095178,6.31254508,0.02975166
ORD0095179,7.20808903,0.30640862
ORD0095180,16.29244574,0.25955835
ORD0095181,11.62486764,0.76517296
ORD0095182,10.66581932,0.82053981
ORD0095183,11.35139837,0.00010478
ORD0095184,10.42107955,0.00004589
ORD0095185,10.48656287,0.00007157
ORD0095186,8.88033207,0.00021556
ORD0095187,7.88959656,0.00003739
ORD0095188,9.50696739,0.00084417
ORD0095189,9.99502385,0.00004338
ORD0095190,9.68769047,0.00818484
ORD0095191,9.19810520,0.00005609
ORD0095192,12.89718246,0.07008073
ORD0095193,9.54170137,0.00007329
ORD0095194,9.67610300,0.00006382
ORD0095195,10.83755771,0.00005745
ORD0095196,14.51490884,0.00030283
ORD0095197,16.21697115,0.81638063
ORD0095198,25.26694034,0.00043709
ORD0095199,26.26382378,0.77972606
ORD0095200,9.39280017,0.00531822
ORD0095201,15.07665856,0.06346769
ORD0095202,13.83986206,0.98966871
ORD0095203,36.29052792,0.00023554
ORD0095204,118.35570851,0.00105765
ORD0095205,18.90080729,0.00449431
ORD0095206,17.83491549,0.11666256
ORD0095207,17.71627971,0.02296686
ORD0095208,23.20341107,0.89977008
ORD0095209,11.60933293,0.00055435
ORD0095210,10.54896056,0.00117554
ORD0095211,20.72198047,0.99029343
ORD0095212,18.96084151,0.75092891
ORD0095213,14.38147170,0.00245971
ORD0095214,15.86890281,0.01031701
ORD0095215,16.21685231,0.25982156
ORD0095216,14.79950996,0.07216484
ORD0095217,9.21435337,0.04847401
ORD0095218,7.91954284,0.03763406
ORD0095219,13.30385027,0.58133540
ORD0095220,9.42683249,0.24280853
ORD0095221,24.55622238,0.93902326
ORD0095222,17.09838025,0.57914127
ORD0095223,14.16468967,0.12423656
ORD0095224,12.88506739,0.54513559
ORD0095225,10.57072032,0.07953087
ORD0095226,12.88292623,0.81140436
ORD0095227,10.63605498,0.11723477
ORD0095228,17.42688101,0.22637156
ORD0095229,15.42741846,0.17498630
ORD0095230,14.91660251,0.32240126
ORD0095231,12.33429713,0.30175134
ORD0095232,56.30714443,0.14915010
ORD0095233,17.88712777,0.00516341
ORD0095234,15.12995183,0.96529013
ORD0095235,15.08127889,0.42472915
ORD0095236,18.41362986,0.99515692
ORD0095237,55.29668528,0.97071743
ORD0095238,25.98111033,0.99618693
ORD0095239,24.81743160,0.99790770
ORD0095240,32.03556423,0.00177513
ORD0095241,12.91250816,0.10502560
ORD0095242,11.47043773,0.00019379
ORD0095243,13.52608135,0.99526220
ORD0095244,10.19286186,0.00206311
ORD0095245,19.33370516,0.98510616
ORD0095246,15.23319617,0.00101040
ORD0095247,16.12198539,0.07393744
ORD0095248,16.47040767,0.92539531
ORD0095249,20.91764991,0.74440866
ORD0095250,14.66188738,0.02637784
ORD0095251,30.31083540,0.99861465
ORD0095252,23.94271821,0.99410239
ORD0095253,36.28338942,0.99922559
ORD0095254,11.56699049,0.00028086
ORD0095255,10.03204986,0.00016716
ORD0095256,16.13859931,0.99176886
ORD0095257,12.57516568,0.52551636
ORD0095258,24.51857576,0.00147298
ORD0095259,19.95160050,0.00041869
ORD0095260,22.67161399,0.98049209
ORD0095261,23.88664349,0.99894771
ORD0095262,18.07150781,0.99830863
ORD0095263,22.01513481,0.04249074
ORD0095264,15.10863864,0.00521006
ORD0095265,24.39200487,0.99932732
ORD0095266,25.18551704,0.99942691
ORD0095267,75.61110686,0.26605522
ORD0095268,80.84361204,0.99673091
ORD0095269,67.20311022,0.06241745
ORD0095270,52.25102029,0.00140544
ORD0095271,28.74343479,0.00077902
ORD0095272,51.81934174,0.00027845
ORD0095273,18.16775393,0.00029416
ORD0095274,13.58595342,0.00544396
ORD0095275,15.07410662,0.00093942
ORD0095276,14.41608325,0.12032543
ORD0095277,25.51547308,0.00018020
ORD0095278,20.15796049,0.00058864
ORD0095279,12.07237066,0.01910544
ORD0095280,15.40400562,0.01191868
ORD0095281,26.18276069,0.38375019
ORD0095282,23.47594191,0.71670384
ORD0095283,19.45524509,0.97111537
ORD0095284,31.98388054,0.00221713
ORD0095285,12.73492631,0.22268764
ORD0095286,19.42423734,0.98688395
ORD0095287,17.95986504,0.00059950
ORD0095288,17.94038156,0.00266950
ORD0095289,36.02813946,0.93404119
ORD0095290,17.31253743,0.00302661
ORD0095291,15.38379304,0.00068374
ORD0095292,33.64204124,0.99662766
ORD0095293,23.73479904,0.39658907
ORD0095294,20.23218901,0.11311899
ORD0095295,20.63320606,0.00576497
ORD0095296,19.72882832,0.99940417
ORD0095297,24.87560552,0.99972510
ORD0095298,22.39248315,0.96354266
ORD0095299,13.20426924,0.83636598
ORD0095300,10.27497671,0.16261717
ORD0095301,18.64486237,0.61630101
ORD0095302,15.30347964,0.01650796
ORD0095303,21.70128045,0.94330398
ORD0095304,15.90863075,0.11895344
ORD0095305,32.63261497,0.00380357
ORD0095306,27.43862295,0.00079441
ORD0095307,23.20202846,0.99545407
ORD0095308,20.04008677,0.46107261
ORD0095309,25.17048218,0.02821003
ORD0095310,18.85369657,0.00180057
ORD0095311,18.87830861,0.52549986
ORD0095312,15.84730032,0.01044754
ORD0095313,24.39442166,0.00116810
ORD0095314,24.84292637,0.00112578
ORD0095315,14.21242558,0.00227665
ORD0095316,16.98305219,0.00210741
ORD0095317,20.03013880,0.00143052
ORD0095318,14.51109922,0.00162091
ORD0095319,14.96878966,0.00918755
ORD0095320,12.55204301,0.00634352
ORD0095321,11.47277132,0.00620027
ORD0095322,17.22502790,0.92597081
ORD0095323,19.40153031,0.30126816
ORD0095324,23.71757689,0.50110389
ORD0095325,15.11706830,0.00207452
ORD0095326,15.88431328,0.09943650
ORD0095327,10.86207252,0.05449209
ORD0095328,15.37709488,0.40234019
ORD0095329,9.69372126,0.00507202
ORD0095330,8.90455216,0.00527638
ORD0095331,13.82415985,0.07111360
ORD0095332,13.06354395,0.06418473
ORD0095333,12.40598550,0.41726707
ORD0095334,12.94646747,0.01056811
ORD0095335,11.40337491,0.00020681
ORD0095336,12.64178714,0.00035225
ORD0095337,12.97916455,0.00011482
ORD0095338,11.71484418,0.13082673
ORD0095339,11.84836156,0.00089315
ORD0095340,9.12638289,0.00037593
ORD0095341,9.28962595,0.00010290
ORD0095342,12.54069124,0.86975670
ORD0095343,10.93557241,0.00903365
ORD0095344,12.94178741,0.96529596
ORD0095345,11.59855386,0.07341733
ORD0095346,14.50123493,0.98425206
ORD0095347,13.23040174,0.61168404
ORD0095348,10.69428236,0.00237288
ORD0095349,15.00646258,0.00018348
ORD0095350,17.03344790,0.00021275
ORD0095351,21.68735046,0.00024558
ORD0095352,10.19217582,0.00089697
ORD0095353,16.11780142,0.00836567
ORD0095354,13.54935127,0.00022856
ORD0095355,26.71716759,0.00022850
ORD0095356,65.83589261,0.00061819
ORD0095357,55.24754816,0.00040617
ORD0095358,50.70582672,0.00030303
ORD0095359,67.86359583,0.00024385
ORD0095360,92.27553803,0.46223183
ORD0095361,49.27674691,0.00025745
ORD0095362,22.37700582,0.00041597
ORD0095363,21.87001918,0.00017034
ORD0095364,19.95302478,0.00151121
ORD0095365,24.94724013,0.00022583
ORD0095366,23.05923147,0.02369106
ORD0095367,14.97396354,0.00019335
ORD0095368,20.09463415,0.62444602
ORD0095369,16.20152285,0.00132553
ORD0095370,15.77604081,0.00020498
ORD0095371,19.61986835,0.29951257
ORD0095372,11.03706093,0.03316296
ORD0095373,16.48652368,0.61201142
ORD0095374,15.05093865,0.64693224
ORD0095375,26.12997126,0.96204700
ORD0095376,29.59619678,0.95217294
ORD0095377,15.02505483,0.08715018
ORD0095378,16.27483574,0.27980401
ORD0095379,15.50790556,0.57024688
ORD0095380,14.37721888,0.19434395
ORD0095381,15.81690426,0.88634825
ORD0095382,15.01448941,0.61407412
ORD0095383,25.03345082,0.32486522
ORD0095384,16.16370944,0.41705375
ORD0095385,13.48692649,0.35438574
ORD0095386,19.28497763,0.00106667
ORD0095387,16.89712356,0.00301119
ORD0095388,19.68184511,0.00049046
ORD0095389,46.81062171,0.05334041
ORD0095390,40.38245409,0.00048025
ORD0095391,26.53367000,0.78128719
ORD0095392,26.93531156,0.00600696
ORD0095393,11.46204815,0.00036103
ORD0095394,11.32266142,0.00009640
ORD0095395,11.06271431,0.00238973
ORD0095396,10.24926900,0.00011486
ORD0095397,15.19855847,0.00147866
ORD0095398,14.89152841,0.00008161
ORD0095399,16.93688659,0.00039010
ORD0095401,19.63740885,0.00051475
ORD0095402,18.21237358,0.72901343
ORD0095403,28.63711673,0.00507270
ORD0095404,36.53219566,0.05728580
ORD0095405,29.42097793,0.99926219
ORD0095406,13.62026196,0.00012690
ORD0095408,11.72387822,0.00015498
ORD0095409,10.90907634,0.00079498
ORD0095410,26.20911136,0.00020623
ORD0095411,22.91521484,0.00706764
ORD0095412,17.82162951,0.17762935
ORD0095413,21.13059425,0.00015867
ORD0095414,16.51851650,0.08081724
ORD0095415,28.69191796,0.89486290
ORD0095416,99.11188272,0.00063006
ORD0095417,15.30528905,0.00009708
ORD0095418,15.26824832,0.00028653
ORD0095419,13.63450447,0.00160542
ORD0095420,25.73233480,0.00016090
ORD0095421,13.28189263,0.00070001
ORD0095422,10.67435603,0.00858093
ORD0095423,19.25767584,0.00668105
ORD0095424,16.60952239,0.06485564
ORD0095425,22.84225879,0.00089935
ORD0095426,28.17634527,0.78137322
ORD0095427,22.53088736,0.07986091
ORD0095428,29.79399850,0.00020904
ORD0095429,34.31124124,0.00028871
ORD0095430,17.36355366,0.91635252
ORD0095431,15.28606058,0.00018035
ORD0095432,19.62130098,0.00017635
ORD0095433,24.28007284,0.00167449
ORD0095434,17.37411017,0.00032520
ORD0095435,29.16412016,0.05442429
ORD0095436,22.49589383,0.00040267
ORD0095437,20.84870240,0.00036032
ORD0095438,17.71174683,0.90026625
ORD0095439,12.29438819,0.00133159
ORD0095440,23.07213345,0.99563934
ORD0095441,10.94437260,0.00137128
ORD0095442,12.78245848,0.00054169
ORD0095443,21.81309801,0.99760465
ORD0095444,23.92461808,0.99867223
ORD0095445,33.66931372,0.32024491
ORD0095446,23.62338093,0.99935524
ORD0095447,20.80835870,0.99839268
ORD0095448,34.15306704,0.93303958
ORD0095449,31.77176678,0.98982664
ORD0095450,27.37642546,0.99451268
ORD0095451,81.06195804,0.97910348
ORD0095452,46.82475081,0.00195172
ORD0095453,30.86314934,0.09216046
ORD0095454,16.62331846,0.27535000
ORD0095455,17.44007190,0.00083085
ORD0095456,18.10012302,0.01841672
ORD0095457,14.66554596,0.81747552
ORD0095458,15.13581988,0.00067432
ORD0095459,47.15095688,0.00083550
ORD0095460,16.40530975,0.20407228
ORD0095461,13.45297385,0.37502172
ORD0095462,18.25531360,0.02951835
ORD0095463,19.34098903,0.07008945
ORD0095464,16.79822697,0.00340836
ORD0095465,17.07450321,0.00792272
ORD0095466,10.37284273,0.00151439
ORD0095467,16.34022030,0.92174124
ORD0095468,32.28426871,0.00239881
ORD0095469,57.93253900,0.00239815
ORD0095470,14.50062745,0.66961108
ORD0095471,18.57860623,0.96118595
ORD0095472,19.21273173,0.95628720
ORD0095473,14.61623885,0.98680866
ORD0095474,12.47098651,0.00014626
ORD0095475,11.31205649,0.00011049
ORD0095476,11.53974319,0.00015453
ORD0095477,12.06091840,0.00009466
ORD0095478,10.17153108,0.00038684
ORD0095479,8.64799964,0.00012998
ORD0095480,10.23275591,0.00247017
ORD0095481,10.69820280,0.00021967
ORD0095482,10.79072840,0.02636781
ORD0095483,12.18486776,0.32889108
ORD0095484,10.10642687,0.00117156
ORD0095485,9.95967999,0.00010155
ORD0095486,10.50443160,0.00007268
ORD0095487,16.42428511,0.00037269
ORD0095488,16.63948482,0.00114519
ORD0095489,26.26457562,0.00033904
ORD0095490,29.60141676,0.00062896
ORD0095491,9.46896920,0.00450142
ORD0095492,9.40317915,0.02153173
ORD0095493,17.83862759,0.04627644
ORD0095494,22.47387568,0.00989569
ORD0095495,17.82555879,0.03028755
ORD0095496,21.03264082,0.25186141
ORD0095497,22.99647069,0.92507302
ORD0095498,25.59917574,0.76389110
ORD0095499,16.03605312,0.00035038
ORD0095500,22.10895893,0.99589530
ORD0095501,17.10127432,0.00177370
ORD0095502,16.34000277,0.00819064
ORD0095503,24.99743014,0.97533248
ORD0095504,15.45035232,0.02969533
ORD0095505,15.05664846,0.63419653
ORD0095506,16.71245030,0.99270775
ORD0095507,25.29981432,0.99704291
ORD0095508,17.39151613,0.10651173
ORD0095509,21.45016150,0.88252758
ORD0095510,14.04900270,0.13661179
ORD0095511,12.23231622,0.33022173
ORD0095512,11.03241726,0.41166330
ORD0095513,23.14470496,0.59041212
ORD0095514,18.35040063,0.23965072
ORD0095515,14.97854542,0.91393823
ORD0095516,19.42172371,0.03911938
ORD0095517,17.30857291,0.37081800
ORD0095518,22.87450346,0.85898114
ORD0095519,19.54436672,0.96442728
ORD0095520,61.46739576,0.99385548
ORD0095521,54.82731183,0.99573260
ORD0095522,29.79930071,0.99882346
ORD0095523,28.53537740,0.99934807
ORD0095524,10.22309032,0.00032573
ORD0095525,10.88547568,0.00301973
ORD0095526,9.87152550,0.00035029
ORD0095527,14.66754135,0.00144402
ORD0095528,14.31898136,0.00034385
ORD0095529,13.37033655,0.05716936
ORD0095530,12.26854312,0.84811402
ORD0095531,17.93547849,0.03360358
ORD0095532,11.93553633,0.00010239
ORD0095533,24.29897447,0.57467336
ORD0095534,30.68132027,0.98920539
ORD0095535,30.39209348,0.98381233
ORD0095536,27.71864495,0.99963679
ORD0095537,12.39054159,0.00043170
ORD0095538,11.75349309,0.00237301
ORD0095540,24.26034060,0.00076222
ORD0095541,19.73818140,0.00008065
ORD0095542,20.67447862,0.86370141
ORD0095543,17.13331947,0.99582244
ORD0095544,13.56114720,0.81955149
ORD0095545,16.72653078,0.00253073
ORD0095546,15.23174981,0.00182919
ORD0095547,24.97011370,0.99930021
ORD0095548,20.61474851,0.99806082
ORD0095549,15.87738114,0.00029661
ORD0095550,14.17650284,0.00048787
ORD0095551,10.67103161,0.00058367
ORD0095552,25.66022158,0.00035752
ORD0095553,19.22142653,0.00037366
ORD0095554,12.11047653,0.00343728
ORD0095555,11.39173868,0.00029444
ORD0095556,13.64725453,0.11958913
ORD0095557,15.46828070,0.00053482
ORD0095558,26.10362625,0.90394827
ORD0095559,17.82259060,0.15201542
ORD0095560,15.18692010,0.00184414
ORD0095561,35.19093414,0.00769045
ORD0095562,36.33978061,0.00014807
ORD0095563,13.98268536,0.88129288
ORD0095564,11.64286786,0.01778433
ORD0095565,16.85568166,0.00133569
ORD0095566,13.67128090,0.00065858
ORD0095567,94.16538308,0.00047762
ORD0095568,32.12450547,0.00586478
ORD0095569,25.15886471,0.00265443
ORD0095570,17.14481960,0.00040970
ORD0095571,13.28862765,0.00081169
ORD0095572,30.61660817,0.24956766
ORD0095573,21.33067069,0.00046909
ORD0095574,15.17619835,0.97884724
ORD0095575,11.22096014,0.05778598
ORD0095576,23.59289506,0.99761085
ORD0095577,19.47804081,0.67398748
ORD0095578,10.03843853,0.00233097
ORD0095579,8.90516515,0.00141540
ORD0095580,15.11534025,0.45790775
ORD0095581,17.77651840,0.86097134
ORD0095582,31.40407532,0.00256937
ORD0095583,27.23528157,0.00154903
ORD0095584,21.55606372,0.98145281
ORD0095585,22.93170617,0.01387333
ORD0095586,16.95830378,0.38913306
ORD0095587,16.19116384,0.00227730
ORD0095588,29.44683172,0.00251893
ORD0095589,21.21878730,0.00214272
ORD0095590,13.86904709,0.01363847
ORD0095591,13.74859466,0.00373821
ORD0095592,15.14689395,0.00199966
ORD0095593,13.15503950,0.00187977
ORD0095594,14.24206391,0.11029448
ORD0095595,12.24844530,0.05972521
ORD0095596,14.96477438,0.19581589
ORD0095597,20.19939127,0.91385552
ORD0095598,16.54333374,0.02019873
ORD0095599,14.88036938,0.01156326
ORD0095600,13.90181601,0.63921936
ORD0095601,11.73460339,0.87413525
ORD0095602,15.46240914,0.95870697
ORD0095603,14.51663617,0.99128626
ORD0095604,28.36761716,0.00283442
ORD0095605,7.26052076,0.03727037
ORD0095606,15.25670091,0.42010091
ORD0095607,12.18705986,0.04967421
ORD0095608,12.60384225,0.82516936
ORD0095609,10.55539152,0.53971437
ORD0095610,11.85075879,0.00177337
ORD0095611,11.29262909,0.00082645
ORD0095612,11.93402373,0.00025004
ORD0095613,11.09668668,0.00017019
ORD0095614,10.26478837,0.01321893
ORD0095615,10.03748491,0.00539334
ORD0095616,8.76135310,0.00045814
ORD0095617,8.83487051,0.00015509
ORD0095618,10.68936498,0.18858262
ORD0095619,11.35696061,0.93784550
ORD0095620,10.15776076,0.10936663
ORD0095621,12.94518496,0.98944329
ORD0095622,12.88865649,0.99531386
ORD0095623,10.83108906,0.00034233
ORD0095624,16.50432793,0.81163938
ORD0095625,25.94259592,0.34710794
ORD0095626,15.69133392,0.99713001
ORD0095627,12.28034373,0.00036201
ORD0095628,16.46042299,0.99920221
ORD0095629,12.22230590,0.00021050
ORD0095630,19.28196242,0.00659044
ORD0095631,19.07620827,0.00054856
ORD0095632,19.66030963,0.22313359
ORD0095633,19.47325563,0.00054489
ORD0095634,22.01607753,0.97303400
ORD0095635,21.22890470,0.19808358
ORD0095636,12.20616848,0.00071842
ORD0095637,12.33076441,0.00011135
ORD0095638,19.24136920,0.99779331
ORD0095639,16.06342283,0.90828664
ORD0095640,15.99088165,0.00446735
ORD0095641,15.79197907,0.00020552
ORD0095642,24.92269116,0.00054008
ORD0095643,19.06533385,0.37695352
ORD0095644,18.48046706,0.61829527
ORD0095645,9.19312742,0.06388589
ORD0095646,8.45166368,0.10630735
ORD0095647,14.68359438,0.74118121
ORD0095648,12.75549281,0.84327784
ORD0095649,26.70885687,0.94557283
ORD0095650,15.94069708,0.13724595
ORD0095651,12.93827591,0.39490940
ORD0095652,26.30742118,0.02368495
ORD0095653,16.31927425,0.17931072
ORD0095654,12.57358694,0.59557031
ORD0095655,14.68591575,0.48005137
ORD0095656,24.24856860,0.54814125
ORD0095657,18.70386690,0.37134286
ORD0095658,20.67940196,0.86895248
ORD0095659,17.92578732,0.00459257
ORD0095660,17.46016892,0.08225203
ORD0095661,16.77281016,0.00347700
ORD0095662,56.62929224,0.91033637
ORD0095663,38.28976796,0.05290410
ORD0095664,26.16428461,0.99428665
ORD0095665,8.94014364,0.00009541
ORD0095666,8.65402690,0.00019846
ORD0095667,12.51919460,0.00015372
ORD0095668,15.41242217,0.00027857
ORD0095669,15.45725271,0.01056512
ORD0095670,23.92120364,0.10708535
ORD0095671,17.56051178,0.00272780
ORD0095672,30.04594978,0.95079230
ORD0095673,19.50750392,0.03080496
ORD0095674,10.79386840,0.00014969
ORD0095675,7.44950524,0.00010797
ORD0095676,10.82266070,0.00015581
ORD0095677,24.61840943,0.00033018
ORD0095678,19.59071936,0.00006982
ORD0095679,22.14416127,0.99790057
ORD0095680,16.17463902,0.46432310
ORD0095681,13.17527027,0.00416501
ORD0095682,13.76318627,0.99292542
ORD0095683,13.97989064,0.00138602
ORD0095684,20.26972925,0.07518668
ORD0095685,26.66744623,0.99235352
ORD0095686,12.23873323,0.00107144
ORD0095687,12.21484145,0.00012947
ORD0095688,10.76212838,0.01767663
ORD0095689,19.01421716,0.00127006
ORD0095690,19.40903130,0.00018256
ORD0095691,10.58520811,0.00072534
ORD0095692,15.31172555,0.00764335
ORD0095693,13.29403099,0.00033960
ORD0095694,21.84957867,0.50336473
ORD0095695,20.12981676,0.00349455
ORD0095696,16.30291160,0.10248387
ORD0095697,15.96832365,0.06204460
ORD0095698,31.83971538,0.00011837
ORD0095699,12.31122374,0.81338161
ORD0095700,13.31004344,0.81343245
ORD0095701,17.18591293,0.00013810
ORD0095702,26.58331673,0.00345905
ORD0095703,21.10766623,0.00083155
ORD0095704,16.35351362,0.00036068
ORD0095705,19.55938482,0.09578522
ORD0095706,16.69543295,0.01472046
ORD0095707,16.97495475,0.00029940
ORD0095708,19.60350260,0.00103835
ORD0095709,15.07904066,0.84654978
ORD0095710,10.59454163,0.43882846
ORD0095711,19.74469905,0.99329925
ORD0095712,19.31270288,0.94924317
ORD0095713,8.83430537,0.00203448
ORD0095714,28.60488078,0.00031781
ORD0095715,22.55188519,0.00062628
ORD0095716,12.90261257,0.05380373
ORD0095717,12.55789922,0.00222432
ORD0095718,18.33295676,0.54146882
ORD0095719,13.58095689,0.01408208
ORD0095720,26.79681921,0.00123235
ORD0095721,20.27328283,0.91648455
ORD0095722,14.89104411,0.09859601
ORD0095723,19.57619423,0.00506577
ORD0095724,21.73107932,0.00387073
ORD0095725,15.59510063,0.04514050
ORD0095726,19.40787228,0.00141362
ORD0095727,19.23151074,0.00051918
ORD0095728,13.64079834,0.00399469
ORD0095729,12.49774140,0.00199170
ORD0095730,11.78665149,0.00065634
ORD0095731,12.26903631,0.02841892
ORD0095732,12.51544929,0.00080007
ORD0095733,12.01953762,0.11527663
ORD0095734,18.17104193,0.01383319
ORD0095735,11.71861116,0.00246673
ORD0095736,12.48097235,0.76679574
ORD0095737,8.29530524,0.06238764
ORD0095738,12.65680008,0.98625372
ORD0095739,10.05993025,0.78086176
ORD0095740,6.68635383,0.02109241
ORD0095741,7.00488772,0.06532818
ORD0095742,11.83619167,0.31336041
ORD0095743,11.49899413,0.60294039
ORD0095744,11.57028982,0.75829275
ORD0095745,12.07639477,0.89357242
ORD0095746,10.89233879,0.00091668
ORD0095747,11.08159936,0.00011474
ORD0095748,10.66530179,0.00029045
ORD0095749,10.79357616,0.01180632
ORD0095750,9.99418934,0.00070287
ORD0095751,8.70914541,0.00012710
ORD0095752,8.55529508,0.00022460
ORD0095753,9.87572171,0.07095165
ORD0095754,11.19101152,0.49087230
ORD0095755,12.27613420,0.91526568
ORD0095756,10.38620703,0.00435950
ORD0095757,10.30303377,0.00038048
ORD0095758,15.91917426,0.00010448
ORD0095759,21.16147240,0.00015548
ORD0095760,22.53867444,0.00018841
ORD0095761,10.54689461,0.00050671
ORD0095762,11.75468870,0.00016555
ORD0095763,15.67341001,0.00163236
ORD0095764,12.83738235,0.00053496
ORD0095765,20.67722334,0.00015352
ORD0095766,17.33931099,0.00018927
ORD0095767,16.55014963,0.00073553
ORD0095768,20.49822712,0.00521672
ORD0095769,25.65125718,0.01340998
ORD0095770,14.79576458,0.00013086
ORD0095771,10.42063765,0.00023970
ORD0095772,17.45612707,0.15219486
ORD0095773,14.75183980,0.00014031
ORD0095774,18.23336019,0.00008971
ORD0095775,67.16782012,0.00023477
ORD0095776,27.06092729,0.00022549
ORD0095777,18.91209996,0.98699969
ORD0095778,10.68039291,0.56343620
ORD0095779,10.62331858,0.78818586
ORD0095780,13.98135557,0.98962010
ORD0095781,23.78588177,0.99699248
ORD0095782,21.38369600,0.92827952
ORD0095783,14.65585312,0.92088686
ORD0095784,12.51149782,0.13001734
ORD0095785,11.06205382,0.34158710
ORD0095786,11.62062844,0.24483415
ORD0095787,12.81871623,0.66756286
ORD0095788,20.77107999,0.47996606
ORD0095789,15.42174992,0.76064367
ORD0095790,12.44375454,0.65788294
ORD0095791,36.39290110,0.14432847
ORD0095792,18.08539710,0.00084009
ORD0095793,15.41361013,0.00064134
ORD0095794,15.87702937,0.00142175
ORD0095795,41.50158957,0.02199024
ORD0095796,30.13793443,0.00087662
ORD0095797,22.27926351,0.67809679
ORD0095798,24.03607021,0.00334133
ORD0095799,8.00406838,0.00008366
ORD0095800,8.69500105,0.00008297
ORD0095801,8.92908865,0.00011934
ORD0095802,7.88119529,0.00005963
ORD0095803,13.02538669,0.00008934
ORD0095804,11.48928760,0.00628898
ORD0095805,11.91083670,0.00033857
ORD0095806,17.73304090,0.01501733
ORD0095807,20.95858557,0.00061078
ORD0095808,22.44540935,0.26553139
ORD0095809,8.37216738,0.00005593
ORD0095810,8.03543278,0.00015425
ORD0095811,8.89045690,0.00271402
ORD0095812,9.18438404,0.00014345
ORD0095813,18.00384240,0.00004436
ORD0095814,18.21673201,0.00005474
ORD0095815,19.41118785,0.95751857
ORD0095816,17.16054612,0.96229416
ORD0095817,15.81340091,0.99896899
ORD0095818,12.74561044,0.57203945
ORD0095819,14.91350883,0.00015279
ORD0095820,19.31520968,0.41025699
ORD0095821,95.64893117,0.00175708
ORD0095822,35.23124767,0.00016853
ORD0095823,13.08228884,0.19185947
ORD0095824,11.01507566,0.00018941
ORD0095825,13.28263537,0.93044862
ORD0095826,10.61146903,0.00068700
ORD0095827,20.39316897,0.00009776
ORD0095828,14.97261581,0.00006756
ORD0095829,9.37281199,0.00036951
ORD0095830,8.46585224,0.00758992
ORD0095831,11.75772516,0.00271648
ORD0095832,12.17969833,0.12014974
ORD0095833,18.24966360,0.03110975
ORD0095834,18.21079392,0.81369668
ORD0095835,15.08768086,0.44523507
ORD0095836,12.72868951,0.97769048
ORD0095837,20.53799692,0.00020435
ORD0095838,22.31570773,0.00007615
ORD0095839,11.11348851,0.96917987
ORD0095840,14.28767020,0.00007150
ORD0095841,12.96582639,0.00004906
ORD0095842,22.88320394,0.02836513
ORD0095843,18.12250155,0.02733786
ORD0095844,11.86536243,0.00047367
ORD0095845,10.98642142,0.00059049
ORD0095846,27.12393126,0.48941675
ORD0095847,19.72978503,0.37171728
ORD0095848,16.93886746,0.00168326
ORD0095849,18.13939581,0.00122301
ORD0095850,13.17543669,0.98333571
ORD0095851,11.09835569,0.96389128
ORD0095852,19.08470374,0.99766468
ORD0095853,17.68310752,0.99052263
ORD0095854,8.72516329,0.02823533
ORD0095855,7.84202773,0.02131545
ORD0095856,12.92216579,0.00272261
ORD0095857,12.81957086,0.00256421
ORD0095858,13.10331148,0.01603218
ORD0095859,12.58450954,0.01695784
ORD0095860,23.08652407,0.00057475
ORD0095861,21.73306007,0.00131962
ORD0095862,16.12368352,0.12724290
ORD0095863,13.70427165,0.00048124
ORD0095864,14.77118697,0.00264847
ORD0095865,11.86302896,0.00182560
ORD0095866,20.47144534,0.00361243
ORD0095867,18.24503797,0.00050564
ORD0095868,12.05719317,0.01403468
ORD0095869,11.60408242,0.00068639
ORD0095870,13.01520298,0.00443354
ORD0095871,11.59907886,0.00076709
ORD0095872,11.49353081,0.06658599
ORD0095873,9.88251987,0.00157473
ORD0095874,24.78591167,0.00085496
ORD0095875,9.49241006,0.01648766
ORD0095876,10.51956982,0.03770970
ORD0095877,15.46710557,0.00394234
ORD0095878,14.50335867,0.00987348
ORD0095879,10.62322331,0.00112888
ORD0095880,11.44411535,0.00271375
ORD0095881,8.53660662,0.29317594
ORD0095882,10.34815917,0.30101683
ORD0095883,13.18301095,0.83442628
ORD0095884,10.41899209,0.90244473
ORD0095885,5.49837232,0.00178329
ORD0095886,5.69576674,0.00281810
ORD0095887,10.52825866,0.00419928
ORD0095888,8.43757290,0.02599005
ORD0095889,8.93230831,0.02467964
ORD0095890,9.39806123,0.00011353
ORD0095891,8.93799633,0.00005901
ORD0095892,8.06946650,0.00041994
ORD0095893,7.98158008,0.00021762
ORD0095894,6.68021230,0.00004350
ORD0095895,6.15105983,0.00009207
ORD0095896,7.81626004,0.00357418
ORD0095897,8.36258227,0.00128750
ORD0095898,8.18408600,0.02146473
ORD0095899,8.71443220,0.01857193
ORD0095900,10.53412601,0.30382348
ORD0095901,8.20618937,0.00010476
ORD0095902,8.35148481,0.00009220
ORD0095903,14.61541761,0.00008149
ORD0095904,13.06870203,0.00065849
ORD0095905,21.73173227,0.00010409
ORD0095906,24.24163890,0.00043631
ORD0095907,6.95661074,0.00024094
ORD0095908,8.11541500,0.00963632
ORD0095909,11.09542216,0.00069079
ORD0095910,16.73163983,0.00037755
ORD0095911,14.68918885,0.00295727
ORD0095912,15.76917738,0.00007907
ORD0095913,16.82512438,0.08450937
ORD0095914,17.28116134,0.00027570
ORD0095915,9.85163991,0.00020198
ORD0095916,8.58590997,0.00013983
ORD0095917,13.89334630,0.74044677
ORD0095918,11.88511882,0.00109039
ORD0095919,13.48864649,0.00024374
ORD0095920,14.81358331,0.25767842
ORD0095921,15.17345461,0.32445597
ORD0095922,7.01344173,0.05298437
ORD0095923,6.18371188,0.07270446
ORD0095924,10.92926100,0.49631733
ORD0095925,8.53738379,0.67426678
ORD0095926,21.41705954,0.90049407
ORD0095927,19.20709051,0.93734063
ORD0095928,13.11049271,0.09418406
ORD0095929,9.84341973,0.21835248
ORD0095930,14.21280247,0.18891816
ORD0095931,10.29285163,0.35969165
ORD0095932,18.73113187,0.38756834
ORD0095933,15.88330177,0.47885286
ORD0095934,12.76912203,0.64125760
ORD0095935,10.95114566,0.74661466
ORD0095936,11.82009637,0.00035355
ORD0095937,11.40833965,0.01156078
ORD0095938,11.51873788,0.00025905
ORD0095939,30.17635892,0.00167138
ORD0095940,15.69123962,0.00942065
ORD0095941,8.53488482,0.00117919
ORD0095942,9.52147536,0.00006497
ORD0095943,9.05313647,0.02565692
ORD0095944,13.68480316,0.01886828
ORD0095945,12.11507329,0.00004106
ORD0095946,11.63680762,0.00007885
ORD0095947,11.00134068,0.00016221
ORD0095948,14.69060210,0.00683487
ORD0095949,12.80707486,0.00006630
ORD0095950,24.13145908,0.05516497
ORD0095951,28.30825905,0.81575650
ORD0095952,17.36920113,0.00777568
ORD0095953,9.53021525,0.00008218
ORD0095954,8.78600402,0.00004065
ORD0095955,21.58350996,0.00023188
ORD0095956,23.40558074,0.99701356
ORD0095957,15.21693459,0.00329955
ORD0095958,11.95362284,0.00031071
ORD0095959,12.29625014,0.04782783
ORD0095960,16.30975213,0.00084989
ORD0095961,12.65637644,0.00005653
ORD0095962,15.45649339,0.00124887
ORD0095963,23.82158666,0.99820017
ORD0095964,11.64810695,0.00013071
ORD0095965,12.02269211,0.00007199
ORD0095966,12.34407604,0.00012742
ORD0095967,20.53693455,0.00015643
ORD0095968,10.15883339,0.00269488
ORD0095969,8.31898899,0.00009483
ORD0095970,13.94863739,0.04212262
ORD0095971,22.34046386,0.50543465
ORD0095972,17.56548495,0.97548979
ORD0095973,14.15239938,0.00026819
ORD0095974,24.46249489,0.00066039
ORD0095975,25.61674572,0.00007776
ORD0095976,9.10620094,0.00067385
ORD0095977,9.47496463,0.00203714
ORD0095978,13.24983138,0.00016744
ORD0095979,67.36087455,0.00030101
ORD0095980,63.52475727,0.00024389
ORD0095981,24.67388282,0.00016226
ORD0095982,20.69864666,0.01557887
ORD0095983,23.84019205,0.00013748
ORD0095984,14.01602135,0.00046805
ORD0095985,12.38368251,0.00035942
ORD0095986,25.53450290,0.17202353
ORD0095987,20.52549750,0.00084438
ORD0095988,17.99810903,0.00079002
ORD0095989,12.42576631,0.90481172
ORD0095990,18.30820710,0.99230012
ORD0095991,9.09532210,0.01125312
ORD0095992,55.17789073,0.00030913
ORD0095993,11.27360657,0.08527618
ORD0095994,12.24797705,0.07361644
ORD0095995,16.15023313,0.44296839
ORD0095996,14.26466701,0.29011928
ORD0095997,27.22343707,0.00147729
ORD0095998,26.69334854,0.00158824
ORD0095999,17.94688958,0.83840410
ORD0096000,18.06489262,0.78898437
ORD0096001,17.93683279,0.00631158
ORD0096002,19.60955411,0.00625324
ORD0096003,17.50914557,0.06549063
ORD0096004,13.95119770,0.03976676
ORD0096005,22.60522978,0.00132699
ORD0096006,14.94098824,0.00235422
ORD0096007,12.41024765,0.00133635
ORD0096008,10.42677192,0.01466692
ORD0096009,9.11180143,0.00305899
ORD0096010,15.94224989,0.00162828
ORD0096011,13.76207158,0.91845385
ORD0096012,11.22156857,0.00101758
ORD0096013,8.76740053,0.03783623
ORD0096014,7.57399862,0.00156499
ORD0096015,10.04309791,0.28041469
ORD0096016,8.75681178,0.00684849
ORD0096017,7.44024792,0.00187953
ORD0096018,7.54245625,0.00359999
ORD0096019,11.49049029,0.00487837
ORD0096020,9.02607079,0.04318263
ORD0096021,8.51210564,0.02275595
ORD0096022,10.72845791,0.00181183
ORD0096023,10.59941041,0.00008283
ORD0096024,10.91342159,0.00012380
ORD0096025,9.49145885,0.03844201
ORD0096026,7.97699586,0.00015758
ORD0096027,10.58088012,0.44328601
ORD0096028,9.93296141,0.00011263
ORD0096029,10.46074480,0.93889858
ORD0096030,8.65663535,0.00014807
ORD0096031,12.03710597,0.97246539
ORD0096032,9.41972204,0.00051637
ORD0096033,9.34318654,0.00095285
ORD0096034,10.02726905,0.00009396
ORD0096035,14.50010771,0.00013943
ORD0096036,15.44551593,0.95882278
ORD0096037,21.32229502,0.00018778
ORD0096038,31.18579120,0.50288524
ORD0096039,9.82212400,0.00096523
ORD0096040,11.97599802,0.00779526
ORD0096041,16.40928532,0.99741759
ORD0096042,19.98962813,0.00024872
ORD0096043,16.24522638,0.00113962
ORD0096044,16.12053210,0.00235319
ORD0096045,21.77870149,0.01385036
ORD0096046,10.01105133,0.00013988
ORD0096047,10.17728259,0.00039094
ORD0096048,17.17432896,0.32041290
ORD0096049,15.42698582,0.09232926
ORD0096050,15.25034059,0.00013490
ORD0096051,15.71587787,0.00131305
ORD0096052,19.01512815,0.28348697
ORD0096053,15.84523935,0.08386307
ORD0096054,8.82849824,0.05352133
ORD0096055,9.01248381,0.03144964
ORD0096056,11.60301846,0.68380647
ORD0096057,11.55046904,0.28169301
ORD0096058,22.27915642,0.92816184
ORD0096059,21.30872698,0.63864017
ORD0096060,11.61022855,0.17453633
ORD0096061,12.29008898,0.15876229
ORD0096062,11.14643581,0.13782585
ORD0096063,11.50715114,0.31482927
ORD0096064,12.37459419,0.28328674
ORD0096065,21.61326421,0.10877040
ORD0096066,21.06556875,0.27455428
ORD0096067,12.62396100,0.19686289
ORD0096068,12.41255127,0.50780155
ORD0096069,16.33021428,0.00052125
ORD0096070,12.35081915,0.00094465
ORD0096071,15.10133900,0.00051704
ORD0096072,12.13996981,0.00119308
ORD0096073,31.81303436,0.00458682
ORD0096074,19.90801111,0.03886173
ORD0096075,18.67525275,0.01632404
ORD0096076,34.86642218,0.00048293
ORD0096077,11.12902444,0.00009803
ORD0096078,13.06868151,0.03600821
ORD0096079,10.78283810,0.00012657
ORD0096080,13.31647896,0.96974148
ORD0096081,15.05561285,0.00009191
ORD0096082,18.03829107,0.93200797
ORD0096083,14.90269598,0.00005635
ORD0096084,13.56951595,0.02115376
ORD0096085,17.06619629,0.00274724
ORD0096086,14.13033372,0.00065335
ORD0096087,25.54186803,0.01558255
ORD0096088,27.66920146,0.38784542
ORD0096089,31.95130273,0.20693226
ORD0096090,12.45792001,0.00013911
ORD0096091,10.25940719,0.00009750
ORD0096092,11.96065543,0.00013065
ORD0096093,11.65863777,0.00513121
ORD0096094,23.74520534,0.00011246
ORD0096095,24.68026355,0.00007187
ORD0096096,19.15786856,0.00017790
ORD0096097,21.74818746,0.99193699
ORD0096098,15.39481533,0.00031711
ORD0096099,19.76202287,0.00065147
ORD0096100,15.59878785,0.00027637
ORD0096101,20.22365516,0.00228560
ORD0096102,25.39110053,0.99726942
ORD0096103,70.73999907,0.00217133
ORD0096104,57.68297060,0.00197437
ORD0096105,62.46933890,0.00089514
ORD0096106,61.70231786,0.00213295
ORD0096107,31.50867204,0.00020011
ORD0096108,62.84458293,0.00017120
ORD0096109,14.26644581,0.00011788
ORD0096110,13.92121893,0.00045980
ORD0096111,12.68753712,0.00030438
ORD0096112,12.49842806,0.00335057
ORD0096113,24.58448325,0.00018134
ORD0096114,20.16105535,0.00017601
ORD0096115,12.67790272,0.00115126
ORD0096116,15.35812996,0.00979989
ORD0096117,25.13443215,0.20513558
ORD0096118,23.09833516,0.03289934
ORD0096119,19.74017348,0.93891308
ORD0096120,29.67539634,0.00033536
ORD0096121,16.22246809,0.99672511
ORD0096122,16.45816810,0.68573895
ORD0096123,14.58406472,0.00021773
ORD0096124,18.12668292,0.00042468
ORD0096125,30.07218331,0.03921320
ORD0096126,15.51468016,0.00052356
ORD0096127,15.93223622,0.00090867
ORD0096128,26.20644010,0.77917455
ORD0096129,23.66228675,0.22150138
ORD0096130,22.69360849,0.00197371
ORD0096131,19.05242506,0.00567127
ORD0096132,18.27774737,0.99354280
ORD0096133,24.73528302,0.99913552
ORD0096134,20.95005642,0.92938881
ORD0096135,12.13970655,0.02230682
ORD0096136,11.36009612,0.14296393
ORD0096137,14.50402969,0.02087254
ORD0096138,15.72716947,0.05210059
ORD0096139,17.59951539,0.13587709
ORD0096140,17.28854308,0.33929779
ORD0096141,31.14647581,0.00081354
ORD0096142,27.21686384,0.00132594
ORD0096143,20.97693280,0.65839651
ORD0096144,21.45057362,0.82092389
ORD0096145,24.34693224,0.00141979
ORD0096146,21.55969136,0.00334049
ORD0096147,17.75955346,0.01106852
ORD0096148,17.23031632,0.04106610
ORD0096149,25.03957857,0.04020070
ORD0096150,26.85591519,0.04090308
ORD0096151,15.52847460,0.16666008
ORD0096152,18.03630240,0.17082101
ORD0096153,18.25054822,0.01046463
ORD0096154,14.90698612,0.02204812
ORD0096155,16.49347067,0.66528269
ORD0096156,15.12884728,0.70771208
ORD0096157,12.28479482,0.00719289
ORD0096158,19.77569674,0.64630867
ORD0096159,20.07982898,0.00164421
ORD0096160,20.53115343,0.14466602
ORD0096161,14.56280847,0.11606353
ORD0096162,13.54790483,0.02320599
ORD0096163,11.22259632,0.11205203
ORD0096164,14.40268276,0.70639825
ORD0096165,8.83023797,0.00439287
ORD0096166,9.58382803,0.10173231
ORD0096167,14.85922690,0.06023672
ORD0096168,15.72564675,0.71639823
ORD0096169,12.18310925,0.30931845
ORD0096170,12.59625649,0.00080604
ORD0096171,12.34366398,0.00011366
ORD0096172,12.81265105,0.00011856
ORD0096173,11.85669391,0.00008688
ORD0096174,10.46381683,0.00491025
ORD0096175,11.76269280,0.00023296
ORD0096176,9.33205037,0.00009230
ORD0096177,9.73551898,0.00006874
ORD0096178,11.76454356,0.05346192
ORD0096179,11.06804966,0.00072905
ORD0096180,12.19327955,0.33098285
ORD0096181,10.06793673,0.00800022
ORD0096182,12.77872313,0.95395121
ORD0096183,11.96526704,0.03112175
ORD0096184,10.46861569,0.00040480
ORD0096185,19.11665970,0.00017158
ORD0096186,17.65628142,0.00043727
ORD0096187,25.41509241,0.00023446
ORD0096188,10.70179379,0.00097376
ORD0096189,16.98720438,0.00355984
ORD0096190,12.66822426,0.00115642
ORD0096191,25.99236424,0.00018537
ORD0096192,58.05058312,0.00203139
ORD0096193,57.49074650,0.80876567
ORD0096194,54.49034902,0.00064287
ORD0096195,60.73362957,0.00027684
ORD0096196,80.99251940,0.00030253
ORD0096197,22.14245112,0.00047446
ORD0096198,21.04649281,0.00071126
ORD0096199,20.41519976,0.00268410
ORD0096200,22.33197536,0.00346388
ORD0096201,24.59700789,0.04378133
ORD0096202,13.79938810,0.00020557
ORD0096203,19.42696739,0.77003097
ORD0096204,17.50967032,0.13779469
ORD0096205,18.67407981,0.00022681
ORD0096206,21.13813954,0.17085445
ORD0096207,10.97994757,0.02266694
ORD0096208,13.13359980,0.40422172
ORD0096209,10.92166573,0.14767771
ORD0096210,27.97538791,0.85626724
ORD0096211,20.66941512,0.33771675
ORD0096212,15.87850633,0.04971040
ORD0096213,14.21433368,0.05789560
ORD0096214,13.12328815,0.30966262
ORD0096215,13.25004400,0.12693333
ORD0096216,14.80508733,0.59732384
ORD0096217,12.05654646,0.18608139
ORD0096218,28.05167308,0.33353031
ORD0096219,15.05072745,0.52127807
ORD0096220,11.91736243,0.28790453
ORD0096221,17.86330213,0.00063666
ORD0096222,15.57886201,0.00099595
ORD0096223,16.05158651,0.00041124
ORD0096224,39.16319035,0.00586635
ORD0096225,37.59651127,0.00049010
ORD0096226,27.65569901,0.16636621
ORD0096227,25.15567616,0.00179644
ORD0096228,11.58506507,0.00110452
ORD0096229,10.90407015,0.00011047
ORD0096230,12.12268979,0.01986398
ORD0096231,10.70312712,0.00022187
ORD0096232,16.57629206,0.01229903
ORD0096233,14.82319484,0.00017813
ORD0096234,16.31903489,0.00042822
ORD0096235,13.89354324,0.00343718
ORD0096236,17.43578009,0.00285239
ORD0096237,16.84964549,0.00026058
ORD0096238,23.79262388,0.01380209
ORD0096239,33.71282512,0.38251187
ORD0096240,28.89920671,0.05704733
ORD0096241,14.09723277,0.00017718
ORD0096242,10.44959793,0.00011937
ORD0096243,13.10724214,0.00018556
ORD0096244,11.31884652,0.00153424
ORD0096245,25.76133265,0.00017598
ORD0096246,20.71396073,0.00467618
ORD0096247,21.72198719,0.98773531
ORD0096248,21.01263458,0.00047751
ORD0096249,17.04820304,0.00012369
ORD0096250,22.93245721,0.04805162
ORD0096251,94.87212891,0.02719653
ORD0096252,71.22363819,0.00096449
ORD0096253,54.08388145,0.00074181
ORD0096254,17.32415469,0.00103826
ORD0096255,15.83844670,0.02182531
ORD0096256,12.60016772,0.00124151
ORD0096257,26.47941298,0.00066891
ORD0096258,11.62644619,0.01687936
ORD0096259,11.16596591,0.00467576
ORD0096260,19.17202827,0.34708728
ORD0096261,16.36432119,0.03616325
ORD0096262,24.27150119,0.46759497
ORD0096263,32.87081062,0.57556886
ORD0096264,25.88351669,0.98066398
ORD0096265,37.77049973,0.00204112
ORD0096266,41.95804814,0.00023723
ORD0096267,16.77806224,0.99907348
ORD0096268,17.93109574,0.00097293
ORD0096269,17.73176387,0.00018671
ORD0096270,33.84190802,0.06797543
ORD0096271,18.60866859,0.00057365
ORD0096272,35.91398328,0.90445188
ORD0096273,22.66436576,0.00109144
ORD0096274,19.55133865,0.00059518
ORD0096275,21.10351699,0.99755438
ORD0096276,12.57492130,0.00494582
ORD0096277,24.91949370,0.99956069
ORD0096278,14.56846133,0.02247833
ORD0096279,12.36369430,0.00313003
ORD0096280,15.80584398,0.01055812
ORD0096281,17.74671865,0.07166025
ORD0096282,35.98241511,0.00060241
ORD0096283,19.48840738,0.30104613
ORD0096284,18.83180890,0.00151461
ORD0096285,22.44031663,0.00062175
ORD0096286,34.17330141,0.00124496
ORD0096287,19.88986480,0.00311385
ORD0096288,56.63885950,0.00155403
ORD0096289,53.09424953,0.00053364
ORD0096290,34.21110083,0.94377168
ORD0096291,19.43449903,0.98631826
ORD0096292,18.59382325,0.01534331
ORD0096293,23.24801360,0.75627841
ORD0096294,19.08170963,0.99404681
ORD0096295,14.81364303,0.22070146
ORD0096296,50.70639294,0.00268594
ORD0096297,31.60164878,0.00255784
ORD0096298,11.49588223,0.00361213
ORD0096299,17.27116490,0.37501623
ORD0096300,18.54197242,0.00116403
ORD0096301,20.37933638,0.05877417
ORD0096302,16.58518932,0.00297681
ORD0096303,16.15756693,0.00852125
ORD0096304,11.84147518,0.07172863
ORD0096305,16.64821746,0.60945966
ORD0096306,26.06008895,0.00103070
ORD0096307,47.66756453,0.00115277
ORD0096308,36.39770103,0.00117315
ORD0096309,10.19254072,0.00541098
ORD0096310,16.05003989,0.07538090
ORD0096311,16.34369085,0.07762354
ORD0096312,12.82220039,0.38926852
ORD0096313,10.72993711,0.00015041
ORD0096314,10.95873240,0.00970976
ORD0096315,11.22338308,0.00011404
ORD0096316,11.28321179,0.00070476
ORD0096317,9.84891278,0.00048301
ORD0096318,8.58818507,0.00011119
ORD0096319,10.23566864,0.00183781
ORD0096320,11.00833009,0.21386828
ORD0096321,9.69066510,0.02644043
ORD0096322,12.35235833,0.20474343
ORD0096323,11.76204732,0.85152873
ORD0096324,9.93571543,0.00955836
ORD0096325,10.12345987,0.00221932
ORD0096326,15.97950998,0.00131827
ORD0096327,16.53070978,0.00030404
ORD0096328,25.64569976,0.00121219
ORD0096329,25.93906662,0.00028086
ORD0096330,11.46699568,0.03557158
ORD0096331,10.52788418,0.00156310
ORD0096332,18.78569136,0.55856687
ORD0096333,19.49917333,0.02333237
ORD0096334,18.13410594,0.00148046
ORD0096335,26.36026290,0.52973512
ORD0096336,26.60097323,0.98115466
ORD0096337,21.53192471,0.01761678
ORD0096338,14.04907696,0.00041979
ORD0096339,18.61144400,0.99814926
ORD0096340,15.45200191,0.00550325
ORD0096341,17.39103435,0.00045157
ORD0096342,21.41002621,0.61924890
ORD0096343,16.41450024,0.02189242
ORD0096344,8.89554315,0.10575829
ORD0096345,15.01015308,0.93142881
ORD0096346,22.60989191,0.99113088
ORD0096347,22.35626497,0.04121864
ORD0096348,16.09524802,0.29990224
ORD0096349,14.16556906,0.23481882
ORD0096350,14.13865646,0.46373670
ORD0096351,11.43976717,0.30951796
ORD0096352,20.76328653,0.30691833
ORD0096353,17.43042492,0.13378446
ORD0096354,16.29305285,0.50979279
ORD0096355,84.33830552,0.17452735
ORD0096356,19.11711718,0.01522345
ORD0096357,13.52965683,0.00845639
ORD0096358,15.55399467,0.20031059
ORD0096359,14.72382684,0.10795914
ORD0096360,48.18867935,0.96949877
ORD0096361,66.39586488,0.92844819
ORD0096362,28.65760008,0.99822445
ORD0096363,29.13848380,0.99617968
ORD0096364,12.07826720,0.82691123
ORD0096365,12.82153231,0.99876606
ORD0096366,10.31402391,0.00370281
ORD0096367,18.54197934,0.99814276
ORD0096368,13.66815439,0.00139905
ORD0096369,16.20932334,0.01679296
ORD0096371,18.19401684,0.14205134
ORD0096373,26.46836851,0.94304486
ORD0096374,17.66173501,0.00062554
ORD0096375,44.59195434,0.99688421
ORD0096376,26.95656788,0.00961910
ORD0096377,12.22914295,0.00049055
ORD0096378,13.75391337,0.00155617
ORD0096380,24.82655241,0.00082316
ORD0096382,24.64677179,0.56418307
ORD0096383,17.36652754,0.98785412
ORD0096385,16.95965012,0.00870601
ORD0096386,15.31775371,0.00019131
ORD0096387,24.06834230,0.99878072
ORD0096389,12.56177783,0.00012239
ORD0096390,11.33974005,0.00026487
ORD0096391,10.78193936,0.00044896
ORD0096392,20.78434335,0.00022149
ORD0096393,21.95953127,0.00038980
ORD0096394,11.86765055,0.00119631
ORD0096395,12.75001291,0.19665059
ORD0096396,17.23649699,0.00071878
ORD0096397,15.83517573,0.00204110
ORD0096398,20.03549616,0.00460004
ORD0096399,17.82807398,0.05376664
ORD0096400,25.97421604,0.97839497
ORD0096401,33.63946192,0.00017906
ORD0096402,43.31811146,0.00459266
ORD0096403,13.85760350,0.64511919
ORD0096404,10.96300660,0.01649708
ORD0096405,13.81602905,0.00021687
ORD0096406,16.12587407,0.00160482
ORD0096407,64.25482515,0.00042592
ORD0096408,26.58500397,0.38493602
ORD0096409,29.52465690,0.94508098
ORD0096410,15.78016051,0.00089694
ORD0096411,15.35952195,0.02832739
ORD0096412,34.29103251,0.98042281
ORD0096413,20.41057597,0.00946415
ORD0096414,17.56990791,0.99862146
ORD0096415,13.26903388,0.99538329
ORD0096416,21.70111667,0.99949570
ORD0096417,23.81061311,0.99867114
ORD0096418,10.32483163,0.29090526
ORD0096419,11.07319334,0.84791243
ORD0096420,14.29417053,0.48495941
ORD0096421,18.26972501,0.91627493
ORD0096422,32.18427477,0.00293545
ORD0096423,27.37098435,0.00637570
ORD0096424,21.04064209,0.98702221
ORD0096425,21.70920750,0.02411946
ORD0096426,18.40081335,0.37635554
ORD0096427,17.43010007,0.04800817
ORD0096428,24.25275767,0.00356609
ORD0096429,29.73289736,0.96425175
ORD0096430,16.96764809,0.01526411
ORD0096431,17.81710207,0.99202937
ORD0096432,17.58709563,0.00289775
ORD0096433,16.23129358,0.80472853
ORD0096434,14.49861262,0.19325423
ORD0096435,12.05046144,0.10913696
ORD0096436,11.27011281,0.00143172
ORD0096437,19.90753413,0.01808737
ORD0096438,21.74025795,0.00130401
ORD0096439,15.66501364,0.00548328
ORD0096440,9.74088492,0.00192823
ORD0096441,9.80205614,0.00688475
ORD0096442,11.99582273,0.83839216
ORD0096443,11.07958351,0.07377538
ORD0096444,35.96122418,0.00242128
ORD0096445,7.57930570,0.00399147
ORD0096446,13.81382838,0.02194620
ORD0096447,17.87420355,0.66587620
ORD0096448,10.43290400,0.16630402
ORD0096449,13.13665004,0.98941093
ORD0096450,13.39584621,0.00033410
ORD0096451,11.54680333,0.09911255
ORD0096452,12.07407064,0.00084411
ORD0096453,11.99309339,0.00033506
ORD0096454,11.22035666,0.00044462
ORD0096455,12.53614442,0.80385932
ORD0096456,8.73957971,0.00021000
ORD0096457,8.54608358,0.00094315
ORD0096458,9.93817155,0.00195443
ORD0096459,10.31572952,0.01533212
ORD0096460,12.29701970,0.98610674
ORD0096461,10.73355081,0.19937942
ORD0096462,10.64248033,0.00286364
ORD0096463,10.65500624,0.01061599
ORD0096464,17.57901003,0.00142107
ORD0096465,23.87462624,0.00059541
ORD0096466,11.26073858,0.01573107
ORD0096467,14.39564929,0.98992244
ORD0096468,18.79422065,0.45745852
ORD0096469,17.40550487,0.99875753
ORD0096470,20.04265746,0.01174723
ORD0096471,20.90911328,0.05553939
ORD0096472,20.53283123,0.17152225
ORD0096473,24.02588204,0.63120123
ORD0096474,25.18663306,0.92200069
ORD0096475,25.27037095,0.98997057
ORD0096476,15.14801329,0.00051230
ORD0096477,13.03153239,0.00081232
ORD0096478,23.18375977,0.99561490
ORD0096479,23.57277482,0.99914008
ORD0096480,16.45238974,0.00226617
ORD0096481,17.24491807,0.00672969
ORD0096482,27.10467970,0.00062345
ORD0096483,18.77778380,0.46848627
ORD0096484,17.89470145,0.62191110
ORD0096485,9.95390188,0.07124613
ORD0096486,8.45618585,0.07645486
ORD0096487,15.81778815,0.80784502
ORD0096488,14.34956341,0.87779278
ORD0096489,27.17028030,0.98685456
ORD0096490,14.74137986,0.23263077
ORD0096491,13.09127177,0.28708597
ORD0096492,26.47727735,0.02253961
ORD0096493,14.30739669,0.25351818
ORD0096494,14.24726062,0.92300633
ORD0096495,15.06125010,0.63670393
ORD0096496,27.60381280,0.35511587
ORD0096497,23.34300180,0.58884077
ORD0096498,17.21640710,0.72033158
ORD0096499,17.18805423,0.00113979
ORD0096500,20.84800623,0.00179130
ORD0096501,14.68565225,0.00086704
ORD0096502,53.71711003,0.06714755
ORD0096503,38.45351174,0.00120614
ORD0096504,23.94633665,0.88984093
ORD0096505,9.01922979,0.00042918
ORD0096506,9.20030131,0.00466851
ORD0096507,12.94011120,0.00273005
ORD0096508,14.01022604,0.00022914
ORD0096509,13.17211551,0.00069968
ORD0096510,21.36142447,0.00385647
ORD0096511,18.96711528,0.00020780
ORD0096512,33.72905608,0.09805182
ORD0096513,21.63751777,0.17416658
ORD0096514,10.99303634,0.00013464
ORD0096515,11.59064565,0.00009535
ORD0096516,9.85558692,0.00012754
ORD0096517,22.06073539,0.00014528
ORD0096518,23.65841153,0.00119379
ORD0096519,18.14007252,0.00304798
ORD0096520,23.86524113,0.98648145
ORD0096521,12.96245903,0.01980881
ORD0096522,18.94205342,0.99930124
ORD0096523,15.79770163,0.00028838
ORD0096524,18.59427473,0.32276543
ORD0096525,26.07997629,0.97613415
ORD0096526,14.14291850,0.00019717
ORD0096527,13.01319995,0.00014351
ORD0096528,12.84867736,0.00068892
ORD0096529,21.77829624,0.00020299
ORD0096530,17.59351261,0.00015435
ORD0096531,10.48029593,0.00101768
ORD0096532,13.90643547,0.00410616
ORD0096533,13.51089014,0.00044303
ORD0096534,18.32051181,0.00775908
ORD0096535,20.01382354,0.00161063
ORD0096536,16.69041899,0.08525921
ORD0096537,15.45211558,0.01616904
ORD0096538,26.45044539,0.00022652
ORD0096539,10.75802021,0.76896269
ORD0096540,11.38292458,0.46412615
ORD0096541,15.16246795,0.00024919
ORD0096542,28.71263641,0.00472524
ORD0096543,19.79330151,0.00351286
ORD0096544,15.06544517,0.00040647
ORD0096545,29.89243597,0.17185258
ORD0096546,17.63858415,0.16032261
ORD0096547,18.01557490,0.00034161
ORD0096548,19.40386455,0.00264734
ORD0096549,15.91931694,0.94020375
ORD0096550,12.50305756,0.94027810
ORD0096551,19.11958903,0.99587400
ORD0096552,18.71361818,0.99556021
ORD0096553,10.33785719,0.00443360
ORD0096554,22.05615807,0.00031431
ORD0096555,24.64831061,0.00092652
ORD0096556,14.79066335,0.01664082
ORD0096557,12.05692162,0.00119131
ORD0096558,15.54791058,0.06078330
ORD0096559,12.29249733,0.00323195
ORD0096560,24.85490088,0.00053744
ORD0096561,17.51606275,0.43556659
ORD0096562,15.23010300,0.02228441
ORD0096563,21.48365409,0.00097547
ORD0096564,17.68749311,0.00178849
ORD0096565,15.83296565,0.00822166
ORD0096566,18.72031271,0.09724976
ORD0096567,19.46216147,0.00122007
ORD0096568,13.71968374,0.36200294
ORD0096569,13.52290364,0.04424433
ORD0096570,12.49266161,0.00159634
ORD0096571,14.83743169,0.85824437
ORD0096572,11.70910291,0.00313788
ORD0096573,11.11004485,0.02326051
ORD0096574,16.06510466,0.00584226
ORD0096575,13.71723931,0.40830333
ORD0096576,12.72222937,0.54033971
ORD0096577,7.65668846,0.00115869
ORD0096578,15.21117034,0.96120505
ORD0096579,10.18481712,0.00097095
ORD0096580,6.81822429,0.00478573
ORD0096581,8.16226286,0.04127839
ORD0096582,13.78607485,0.02922714
ORD0096583,11.97137787,0.32411458
ORD0096584,10.36009121,0.24215188
ORD0096585,10.68633661,0.85262422
ORD0096586,13.73764521,0.64940240
ORD0096587,11.86547032,0.00068414
ORD0096588,11.11449693,0.00031086
ORD0096589,12.11022157,0.98493499
ORD0096590,10.42061108,0.00191628
ORD0096591,9.04061532,0.00276864
ORD0096592,8.79584265,0.00064756
ORD0096593,12.26832857,0.99454683
ORD0096594,11.15835868,0.99520761
ORD0096595,13.23295822,0.99640721
ORD0096596,10.64950966,0.00770545
ORD0096597,11.65296377,0.07416347
ORD0096598,16.07540672,0.00070646
ORD0096599,26.06403082,0.00047891
ORD0096600,26.42330340,0.43028030
ORD0096601,10.30952164,0.00769111
ORD0096602,13.19130698,0.94333196
ORD0096603,15.12884632,0.08450300
ORD0096604,16.14857302,0.99771038
ORD0096605,21.22874920,0.00046539
ORD0096606,20.18753416,0.00069333
ORD0096607,19.14369146,0.00121417
ORD0096608,21.14915864,0.01663709
ORD0096609,19.61052473,0.00535820
ORD0096610,16.18960739,0.00017140
ORD0096611,10.89403665,0.00029535
ORD0096612,16.05342289,0.47856878
ORD0096613,18.58586089,0.00018944
ORD0096614,15.54854195,0.00041633
ORD0096615,73.92945975,0.00026085
ORD0096616,27.19846269,0.00028022
ORD0096617,23.12656200,0.95655674
ORD0096618,9.67263430,0.47008401
ORD0096619,10.80449992,0.77271362
ORD0096620,14.28741530,0.98720822
ORD0096621,24.62591007,0.99567840
ORD0096622,17.25692496,0.78643545
ORD0096623,14.83896653,0.92589299
ORD0096624,14.55556330,0.18672083
ORD0096625,13.42049414,0.63407398
ORD0096626,12.39877884,0.41984901
ORD0096627,12.87686780,0.19971669
ORD0096628,20.99691623,0.32026559
ORD0096629,15.18031408,0.58962066
ORD0096630,16.49598168,0.95257502
ORD0096631,41.23204294,0.17499731
ORD0096632,18.84000150,0.00047185
ORD0096633,14.28762844,0.00090642
ORD0096634,16.68489307,0.00070636
ORD0096635,41.49429471,0.00563283
ORD0096636,38.31980874,0.00196700
ORD0096637,22.56182497,0.11403487
ORD0096638,22.25579572,0.00841480
ORD0096639,8.38413504,0.00010426
ORD0096640,8.43899554,0.00007817
ORD0096641,8.89427671,0.00015122
ORD0096642,8.58497373,0.00003629
ORD0096643,12.25541136,0.00014545
ORD0096644,12.08501127,0.00015260
ORD0096645,15.42515559,0.00231054
ORD0096646,18.55913450,0.02004380
ORD0096647,24.55402138,0.00180890
ORD0096648,29.67514125,0.47883786
ORD0096649,10.98917511,0.00007952
ORD0096650,11.53210443,0.00015582
ORD0096651,9.24643531,0.00008922
ORD0096652,13.53250638,0.01123670
ORD0096653,19.94980918,0.00003750
ORD0096654,24.00847085,0.00009603
ORD0096655,23.60561455,0.99247926
ORD0096656,22.97077762,0.99709566
ORD0096657,15.77970883,0.99904290
ORD0096658,20.52517439,0.99892814
ORD0096659,17.23311807,0.00085976
ORD0096660,19.41261534,0.00073270
ORD0096661,61.24477251,0.00273973
ORD0096662,69.66244393,0.00048675
ORD0096663,47.46649251,0.00060384
ORD0096664,11.45586212,0.00417148
ORD0096665,12.08364268,0.00014783
ORD0096666,11.06137014,0.08698746
ORD0096667,10.12583784,0.00021145
ORD0096668,19.57772038,0.00008964
ORD0096669,16.43044196,0.00012158
ORD0096670,10.39071512,0.00048471
ORD0096671,8.13060248,0.00222211
ORD0096672,13.04308588,0.00289471
ORD0096673,11.23360901,0.02292622
ORD0096674,18.25498802,0.02288122
ORD0096675,20.51644076,0.24308406
ORD0096676,14.86763102,0.60245947
ORD0096677,21.71517778,0.91615962
ORD0096678,22.21479857,0.00015634
ORD0096679,31.33519586,0.00039436
ORD0096680,11.12750750,0.97633056
ORD0096681,14.75789569,0.00006463
ORD0096682,12.81798989,0.00011782
ORD0096683,23.94278948,0.03122733
ORD0096684,22.93726185,0.07448922
ORD0096685,16.26294697,0.00052937
ORD0096686,11.46219547,0.00067516
ORD0096687,25.10121695,0.62801760
ORD0096688,22.56121141,0.79587574
ORD0096689,17.09713125,0.00127782
ORD0096690,17.15070458,0.00209004
ORD0096691,18.16136148,0.98375267
ORD0096692,12.28795225,0.97972350
ORD0096693,18.58229827,0.99863540
ORD0096694,17.94884527,0.99500574
ORD0096695,9.45191302,0.01581298
ORD0096696,9.02064050,0.06474847
ORD0096697,57.03385072,0.00030262
ORD0096698,11.05465588,0.04450338
ORD0096699,11.84454721,0.00121669
ORD0096700,15.66576537,0.28736292
ORD0096701,12.45076211,0.00216531
ORD0096702,25.02807957,0.00141126
ORD0096703,19.67552365,0.00086102
ORD0096704,17.20187078,0.70250281
ORD0096705,19.46439027,0.00415924
ORD0096706,14.62448957,0.03942073
ORD0096707,12.30012458,0.00120132
ORD0096708,19.53440951,0.00549166
ORD0096709,18.18232758,0.00219185
ORD0096710,11.43362232,0.01430037
ORD0096711,14.64683739,0.01016361
ORD0096712,16.54270998,0.00376489
ORD0096713,13.06965563,0.00213565
ORD0096714,11.52633395,0.08203624
ORD0096715,12.15178947,0.05066159
ORD0096716,24.64126735,0.00100774
ORD0096717,10.67878864,0.01501065
ORD0096718,9.59532621,0.00388912
ORD0096719,14.28949339,0.00322347
ORD0096720,14.59099066,0.00148356
ORD0096721,11.36186589,0.00142746
ORD0096722,10.45503250,0.00090190
ORD0096723,7.42471072,0.00093897
ORD0096724,7.68315266,0.04312917
ORD0096725,11.28079985,0.14290375
ORD0096726,8.61351055,0.00174114
ORD0096727,8.80192602,0.00203216
ORD0096728,7.55614779,0.13928244
ORD0096729,12.41383446,0.00949785
ORD0096730,9.90675282,0.07879965
ORD0096731,11.37835642,0.71428253
ORD0096732,9.67420335,0.00010403
ORD0096733,9.46713870,0.00004485
ORD0096734,7.84973574,0.00022626
ORD0096735,8.74159377,0.00020234
ORD0096736,6.22472709,0.00003318
ORD0096737,6.46350080,0.00009481
ORD0096738,8.97574513,0.00088394
ORD0096739,7.77237581,0.00061836
ORD0096740,7.56928766,0.00529980
ORD0096741,8.08850143,0.00907287
ORD0096742,9.85912627,0.03345930
ORD0096743,9.20238247,0.00005308
ORD0096744,8.50809071,0.00007052
ORD0096745,12.46050086,0.00007598
ORD0096746,11.88110409,0.00085424
ORD0096747,19.59635620,0.00011153
ORD0096748,23.47344274,0.00094079
ORD0096749,7.69287803,0.00021945
ORD0096750,7.63660893,0.02274077
ORD0096751,11.21437740,0.00049465
ORD0096752,18.78909436,0.00024483
ORD0096753,17.17000003,0.00069281
ORD0096754,15.96371129,0.00008001
ORD0096755,18.54634110,0.00777454
ORD0096756,15.71160860,0.00025016
ORD0096757,12.55756125,0.00012815
ORD0096758,9.23356836,0.00014565
ORD0096759,13.30460003,0.12018723
ORD0096760,12.94701617,0.00096203
ORD0096761,13.18236953,0.00013130
ORD0096762,14.96028081,0.21994321
ORD0096763,13.88295833,0.19805649
ORD0096764,7.23803376,0.07078543
ORD0096765,6.48645707,0.03152778
ORD0096766,11.75324914,0.58752786
ORD0096767,9.02473362,0.41098518
ORD0096768,19.44205993,0.92817787
ORD0096769,18.96308771,0.87742251
ORD0096770,11.04015409,0.13978789
ORD0096771,10.45308097,0.10388230
ORD0096772,11.85534299,0.95633742
ORD0096773,12.87651802,0.98719431
ORD0096774,20.78201976,0.92379900
ORD0096775,17.96420004,0.92075261
ORD0096776,16.42901293,0.96374535
ORD0096777,10.54130600,0.97043319
ORD0096778,13.25103180,0.00128961
ORD0096779,14.75193441,0.94509608
ORD0096780,12.71232887,0.01201290
ORD0096781,40.85119062,0.46234414
ORD0096782,22.11987504,0.95428435
ORD0096783,12.29154075,0.00014811
ORD0096784,12.19628552,0.00771218
ORD0096785,13.01711628,0.00046008
ORD0096786,18.16790536,0.00026932
ORD0096787,18.68576758,0.39864969
ORD0096788,19.80903238,0.00150876
ORD0096789,15.50703854,0.07215321
ORD0096790,19.03181290,0.00029366
ORD0096791,20.84047877,0.00031092
ORD0096792,25.74915242,0.02323258
ORD0096793,36.09696608,0.37953894
ORD0096794,32.32170112,0.01203385
ORD0096795,12.12424505,0.00011846
ORD0096796,12.98420437,0.00022151
ORD0096797,25.60639352,0.00009235
ORD0096798,24.60597707,0.00093591
ORD0096799,23.36893567,0.74824406
ORD0096800,20.17158524,0.94171427
ORD0096801,17.75648269,0.65123616
ORD0096802,22.03227621,0.00015361
ORD0096803,18.54631541,0.00010952
ORD0096804,25.04877643,0.00539889
ORD0096805,28.78899013,0.97273623
ORD0096806,17.69337182,0.00026515
ORD0096807,16.45184180,0.00117891
ORD0096808,16.06037708,0.00121434
ORD0096809,25.99115211,0.00022107
ORD0096810,16.33165712,0.01563063
ORD0096811,14.14544416,0.01344917
ORD0096812,19.44904374,0.01618621
ORD0096813,27.27061560,0.33629106
ORD0096814,21.04421647,0.18259237
ORD0096815,26.46182954,0.48375476
ORD0096816,47.60557074,0.00058396
ORD0096817,40.76516294,0.00030809
ORD0096818,18.13036503,0.89312768
ORD0096819,16.67164441,0.97120207
ORD0096820,21.52949319,0.00022282
ORD0096821,90.21117767,0.00102845
ORD0096822,70.08261040,0.40514192
ORD0096823,28.96336832,0.00028041
ORD0096824,39.90749347,0.04395233
ORD0096825,26.89059377,0.00062388
ORD0096826,19.78825602,0.00064283
ORD0096827,17.40324729,0.00059085
ORD0096828,32.20632570,0.82419427
ORD0096829,26.13619358,0.00755585
ORD0096830,24.49441614,0.00105141
ORD0096831,19.61689069,0.99466842
ORD0096832,25.87606445,0.99924880
ORD0096833,13.29273482,0.02246235
ORD0096834,19.86296294,0.04253032
ORD0096835,15.58582086,0.12024087
ORD0096836,21.10790016,0.45845264
ORD0096837,20.57007449,0.48303269
ORD0096838,39.57520536,0.00065419
ORD0096839,30.45516171,0.00167699
ORD0096840,22.86646347,0.86223663
ORD0096841,25.24286738,0.85273494
ORD0096842,25.26127486,0.00231745
ORD0096843,22.55621261,0.00840374
ORD0096844,21.30749353,0.02706428
ORD0096845,20.54982729,0.10507595
ORD0096846,27.75657058,0.00598127
ORD0096847,21.52554998,0.03398161
ORD0096848,20.68504860,0.00255696
ORD0096849,15.62799363,0.36295116
ORD0096850,16.22644139,0.01032622
ORD0096851,23.14735902,0.00143351
ORD0096852,18.61269248,0.00121309
ORD0096853,20.37887474,0.28068383
ORD0096854,13.89108525,0.92880188
ORD0096855,16.13270613,0.64130811
ORD0096856,16.62521240,0.19920451
ORD0096857,15.14715760,0.98201076
ORD0096858,13.80347450,0.89300852
ORD0096859,14.35581228,0.96021327
ORD0096860,18.45798895,0.97251496
ORD0096861,15.97673023,0.98362407
ORD0096862,15.88484524,0.97935531
ORD0096863,15.59282582,0.00011730
ORD0096864,14.55054356,0.00083502
ORD0096865,14.25102956,0.00006830
ORD0096866,13.79230319,0.00023490
ORD0096867,11.43487007,0.00007995
ORD0096868,13.39563651,0.00070903
ORD0096869,13.02303796,0.01658978
ORD0096870,12.93554107,0.00662270
ORD0096871,16.64630275,0.28795718
ORD0096872,14.97755726,0.04744634
ORD0096873,15.65554910,0.85106496
ORD0096874,13.12345149,0.00012061
ORD0096875,13.25078083,0.00037697
ORD0096876,18.51022406,0.00016885
ORD0096877,21.62180924,0.04319699
ORD0096878,27.22878585,0.00018179
ORD0096879,28.63246751,0.01428454
ORD0096880,13.66203474,0.00053976
ORD0096881,18.10416956,0.00374776
ORD0096882,17.50824089,0.83466954
ORD0096883,44.30416677,0.00027306
ORD0096884,135.96813667,0.00374368
ORD0096885,25.60604336,0.04291717
ORD0096886,25.38169313,0.66362990
ORD0096887,33.49800462,0.50777281
ORD0096888,27.00961198,0.98377470
ORD0096889,18.74930944,0.00056014
ORD0096890,14.99028397,0.00578950
ORD0096891,28.58301410,0.99900293
ORD0096892,25.64864206,0.99362842
ORD0096893,22.50959248,0.00477250
ORD0096894,20.66794212,0.11866837
ORD0096895,26.94543209,0.96811723
ORD0096896,24.39544901,0.94327549
ORD0096897,16.09935940,0.79080409
ORD0096898,13.76462753,0.90723025
ORD0096899,17.15661171,0.98430457
ORD0096900,15.88119014,0.97217734
ORD0096901,36.51381025,0.99220804
ORD0096902,25.03203594,0.98789214
ORD0096903,24.81912845,0.90891196
ORD0096904,15.46497901,0.27763861
ORD0096905,15.69987924,0.26066777
ORD0096906,18.35888218,0.56577020
ORD0096907,16.03765087,0.50120450
ORD0096908,24.27252062,0.79983533
ORD0096909,21.56069520,0.18137719
ORD0096910,21.42748572,0.93355837
ORD0096911,15.28304313,0.40484449
ORD0096912,90.70073623,0.22760495
ORD0096913,20.49684970,0.00080212
ORD0096914,17.73629290,0.00056810
ORD0096915,19.77257974,0.00141228
ORD0096916,22.16390349,0.00066545
ORD0096917,47.35504641,0.02976631
ORD0096918,27.83673190,0.72529563
ORD0096919,30.09646141,0.00702672
ORD0096920,38.05591480,0.00110014
ORD0096921,11.81698937,0.00011491
ORD0096922,14.25187914,0.77343384
ORD0096923,11.39452068,0.00014724
ORD0096924,14.66284259,0.99596395
ORD0096925,16.72785019,0.00011555
ORD0096926,19.28696504,0.99305100
ORD0096927,17.45093371,0.00065275
ORD0096928,14.92676924,0.00015734
ORD0096929,19.76675183,0.00081214
ORD0096930,22.10748984,0.07010693
ORD0096931,25.30035684,0.00673148
ORD0096932,30.11118881,0.99653196
ORD0096933,39.34043457,0.12013041
ORD0096934,12.96950425,0.00018014
ORD0096935,11.82431506,0.00021569
ORD0096936,14.45861542,0.00026200
ORD0096937,14.86697745,0.93055872
ORD0096938,25.74936113,0.00018661
ORD0096939,24.57212035,0.00382071
ORD0096940,20.75020549,0.01186037
ORD0096941,25.27283274,0.99957903
ORD0096942,19.98863826,0.33564725
ORD0096943,18.08609510,0.00035331
ORD0096944,19.04910208,0.00203261
ORD0096945,29.67565224,0.95122632
ORD0096946,33.94529197,0.99966082
ORD0096947,56.85862211,0.00133857
ORD0096948,70.17335025,0.98665687
ORD0096949,58.25430041,0.00048495
ORD0096950,75.45305467,0.12488495
ORD0096951,32.99846112,0.00031179
ORD0096952,78.32176249,0.00021911
ORD0096953,15.97837722,0.00081824
ORD0096954,14.42327054,0.00124281
ORD0096955,16.78719425,0.00438754
ORD0096956,13.46374422,0.01199902
ORD0096957,26.28991608,0.00018432
ORD0096958,24.51912953,0.00023957
ORD0096959,14.76467970,0.00043515
ORD0096960,19.09521503,0.03215994
ORD0096961,27.42988455,0.00109046
ORD0096962,24.49033312,0.24832038
ORD0096963,19.87759634,0.00586898
ORD0096964,44.54231133,0.00016340
ORD0096965,12.96417321,0.50815233
ORD0096966,15.70971004,0.83888759
ORD0096967,21.43364174,0.00025114
ORD0096968,18.34605745,0.00065580
ORD0096969,41.67359134,0.98712811
ORD0096970,22.74079841,0.15508799
ORD0096971,18.30086089,0.07956889
ORD0096972,50.40584361,0.99831406
ORD0096973,40.32785543,0.99663873
ORD0096974,26.01066907,0.99570269
ORD0096975,26.94589940,0.91843796
ORD0096976,23.95135121,0.99962321
ORD0096977,26.34206643,0.99985278
ORD0096978,28.10586631,0.99947678
ORD0096979,16.94726874,0.95416880
ORD0096980,15.01450935,0.99294653
ORD0096981,17.35344686,0.49265611
ORD0096982,15.99124403,0.01303268
ORD0096983,22.21988859,0.92669723
ORD0096984,18.89880144,0.06917358
ORD0096985,39.73268733,0.00179776
ORD0096986,31.35446610,0.00046007
ORD0096987,25.38090672,0.98963820
ORD0096988,20.15880043,0.39198710
ORD0096989,28.33456526,0.01021578
ORD0096990,29.63083366,0.00069044
ORD0096991,25.12754021,0.17749757
ORD0096992,19.10151077,0.00414013
ORD0096993,26.64000935,0.00336259
ORD0096994,30.65509037,0.00087444
ORD0096995,18.23021089,0.01107897
ORD0096996,20.48973426,0.00335444
ORD0096997,21.20490842,0.00221751
ORD0096998,15.99124659,0.00114805
ORD0096999,15.76284764,0.06917399
ORD0097000,13.55191008,0.01519397
ORD0097001,13.88542331,0.01250301
ORD0097002,13.51759921,0.01314368
ORD0097003,21.40928450,0.00286465
ORD0097004,21.07788195,0.00339828
ORD0097005,16.99159390,0.28497780
ORD0097006,15.81536073,0.00184794
ORD0097007,14.39301369,0.15651689
ORD0097008,17.11111754,0.89205907
ORD0097009,11.27734529,0.00262800
ORD0097010,9.59887209,0.08541183
ORD0097011,15.54047287,0.00707574
ORD0097012,17.89094415,0.55101874
ORD0097013,12.38259469,0.06930470
ORD0097014,14.45950897,0.00008009
ORD0097015,12.61587108,0.00055477
ORD0097016,13.17629206,0.00009003
ORD0097017,13.18702551,0.00018347
ORD0097018,12.31452168,0.00007583
ORD0097019,11.94861499,0.00362670
ORD0097020,10.16354435,0.00008396
ORD0097021,10.31551111,0.00026636
ORD0097022,11.79219552,0.00009050
ORD0097023,13.09372845,0.03430916
ORD0097024,11.09553028,0.00017219
ORD0097025,13.54519354,0.58540753
ORD0097026,12.27892238,0.00039409
ORD0097027,12.74958415,0.00007632
ORD0097028,12.53215451,0.00006283
ORD0097029,16.63866106,0.00016251
ORD0097030,21.20613216,0.10468086
ORD0097031,26.63623488,0.00019653
ORD0097032,12.56439376,0.00066772
ORD0097033,15.21761009,0.00169606
ORD0097034,16.85863404,0.90473987
ORD0097035,29.68376984,0.00019261
ORD0097036,66.81166095,0.00048334
ORD0097037,45.28363886,0.02525789
ORD0097038,43.08596043,0.00050318
ORD0097039,63.59529282,0.00028074
ORD0097040,25.15241106,0.00248049
ORD0097041,21.34228581,0.00453382
ORD0097042,21.00720602,0.01928141
ORD0097043,24.20109413,0.18540931
ORD0097044,28.64888178,0.49490016
ORD0097045,20.76384777,0.00033106
ORD0097046,23.70521102,0.97746488
ORD0097047,20.67847674,0.97267565
ORD0097048,18.70255661,0.00069467
ORD0097049,25.34806396,0.98137790
ORD0097050,15.69949725,0.81289914
ORD0097051,17.15215452,0.99132455
ORD0097052,15.09062623,0.80085378
ORD0097053,28.23562939,0.99757380
ORD0097054,28.41337158,0.97971346
ORD0097055,22.74673634,0.93484267
ORD0097056,16.52343231,0.46342354
ORD0097057,18.23097189,0.25441496
ORD0097058,14.54401767,0.20271415
ORD0097059,16.98084386,0.50659601
ORD0097060,15.41027709,0.58886959
ORD0097061,28.88753311,0.38472850
ORD0097062,18.79799309,0.63499584
ORD0097063,13.46432168,0.40460446
ORD0097064,23.29758564,0.00110657
ORD0097065,23.16299122,0.00239250
ORD0097066,19.14092327,0.00060347
ORD0097067,57.47723285,0.05432792
ORD0097068,40.22766972,0.00057311
ORD0097069,32.45926775,0.83202497
ORD0097070,25.51029803,0.00261479
ORD0097071,12.50111577,0.00123125
ORD0097072,12.40364884,0.00133611
ORD0097073,13.55136028,0.15986676
ORD0097074,13.31778352,0.40104635
ORD0097075,19.03839349,0.05006893
ORD0097076,17.65627161,0.13116576
ORD0097077,16.90027421,0.00017672
ORD0097078,20.28535276,0.99877348
ORD0097079,20.67497951,0.00184691
ORD0097080,25.50156051,0.97671230
ORD0097081,31.93203983,0.02967298
ORD0097082,37.15954771,0.02075172
ORD0097083,38.67989986,0.99950226
ORD0097084,16.23259169,0.00043851
ORD0097085,12.92224524,0.00046572
ORD0097086,15.10585865,0.00021993
ORD0097087,15.22800641,0.99702608
ORD0097088,29.41356065,0.00591663
ORD0097089,27.51351017,0.82391320
ORD0097090,22.73377227,0.99399946
ORD0097091,27.94461368,0.00029194
ORD0097092,24.31626516,0.38333489
ORD0097093,33.96789805,0.99954783
ORD0097094,67.95598690,0.00205012
ORD0097095,75.32192000,0.00054732
ORD0097096,18.17035624,0.00208605
ORD0097097,15.80435611,0.02255866
ORD0097098,14.60039585,0.00019479
ORD0097099,29.33594759,0.00026254
ORD0097100,16.79450069,0.00022985
ORD0097101,15.44132895,0.01233555
ORD0097102,22.51684326,0.35765448
ORD0097103,18.49404807,0.22018745
ORD0097104,33.38325887,0.95443404
ORD0097105,31.26218736,0.93670222
ORD0097106,20.30683251,0.00077007
ORD0097107,36.93197625,0.00016335
ORD0097108,53.32858427,0.00051601
ORD0097109,17.28532828,0.00510172
ORD0097110,19.35781867,0.00100204
ORD0097111,18.24852205,0.00024844
ORD0097112,102.94836791,0.00024954
ORD0097113,38.33749184,0.26881537
ORD0097114,20.53310785,0.00077868
ORD0097115,34.88272428,0.94855617
ORD0097116,25.17442524,0.00486268
ORD0097117,23.44837606,0.00076099
ORD0097118,24.58940057,0.99745622
ORD0097119,12.58077152,0.01148146
ORD0097120,27.37050374,0.99952016
ORD0097121,12.89898889,0.11201133
ORD0097122,13.92651806,0.00426167
ORD0097123,18.92336365,0.83300327
ORD0097124,22.53613116,0.98844450
ORD0097125,35.69101309,0.00411049
ORD0097126,27.81625704,0.99714660
ORD0097127,19.88515134,0.38882417
ORD0097128,37.65323552,0.02714693
ORD0097129,28.85558523,0.26301151
ORD0097130,25.67012808,0.75262242
ORD0097131,75.21612008,0.40690005
ORD0097132,57.95189479,0.00081676
ORD0097133,36.45327589,0.40000247
ORD0097134,20.58503360,0.86543144
ORD0097135,20.95320292,0.14143075
ORD0097136,22.41967331,0.07236360
ORD0097137,24.31185875,0.98892501
ORD0097138,19.37138171,0.78338416
ORD0097139,52.92608384,0.00090474
ORD0097140,15.37763748,0.10508398
ORD0097141,14.74327988,0.00718779
ORD0097142,23.28235735,0.01153541
ORD0097143,21.78034012,0.00208269
ORD0097144,23.92214403,0.00368683
ORD0097145,18.37948545,0.00112051
ORD0097146,18.25635684,0.95656176
ORD0097147,17.21319004,0.82947044
ORD0097148,26.18670928,0.00171949
ORD0097149,55.05915041,0.00140212
ORD0097150,11.98562063,0.00222059
ORD0097151,15.76395470,0.00610999
ORD0097152,16.38447541,0.02391731
ORD0097153,12.96742572,0.04426380
ORD0097154,12.88261179,0.00061003
ORD0097155,12.01104505,0.00008331
ORD0097156,12.69897925,0.00015541
ORD0097157,12.72687518,0.00007320
ORD0097158,12.16091489,0.00813606
ORD0097159,9.67127739,0.00036273
ORD0097160,12.42365438,0.18468152
ORD0097161,11.27788100,0.00011960
ORD0097162,13.25025699,0.84753365
ORD0097163,13.58574739,0.98014701
ORD0097164,11.10460713,0.00055952
ORD0097165,10.85528718,0.00019099
ORD0097166,10.81031248,0.00005392
ORD0097167,18.90740803,0.00468173
ORD0097168,18.34738041,0.00057250
ORD0097169,30.15205923,0.00161707
ORD0097170,32.52717822,0.00037746
ORD0097171,15.53598537,0.16183235
ORD0097172,14.04651508,0.00619920
ORD0097173,22.68361952,0.89000222
ORD0097174,21.86351735,0.00595246
ORD0097175,21.28215712,0.00225049
ORD0097176,27.13426304,0.06350724
ORD0097177,28.32475447,0.88039504
ORD0097178,23.67061818,0.07846958
ORD0097179,15.35911571,0.00036618
ORD0097180,23.81199002,0.99644932
ORD0097181,18.80867257,0.00105169
ORD0097182,20.37096671,0.00073730
ORD0097183,19.26360379,0.38811629
ORD0097184,20.63489633,0.01828559
ORD0097185,11.57128067,0.05114280
ORD0097186,19.33879923,0.77012546
ORD0097187,27.29970746,0.98159054
ORD0097188,17.98943643,0.03410821
ORD0097189,17.49699417,0.19102959
ORD0097190,15.95443028,0.36237514
ORD0097191,16.16111252,0.67079053
ORD0097192,15.03945386,0.79816928
ORD0097193,28.36238002,0.77163259
ORD0097194,25.54548804,0.49984302
ORD0097195,20.29393773,0.95171686
ORD0097196,19.46538442,0.00069640
ORD0097197,18.00362055,0.00053802
ORD0097198,19.05743713,0.00123207
ORD0097199,18.97827724,0.00089524
ORD0097200,49.89812686,0.01429768
ORD0097201,39.98794688,0.00734552
ORD0097202,28.64060093,0.50120815
ORD0097203,25.19812023,0.13762957
ORD0097204,10.82614160,0.06309780
ORD0097205,13.13131252,0.97003619
ORD0097206,11.81261493,0.86780302
ORD0097207,17.23707665,0.91400980
ORD0097208,16.66470119,0.40972246
ORD0097209,14.18237666,0.00030340
ORD0097210,14.01256320,0.32531825
ORD0097211,16.28889499,0.00532679
ORD0097212,14.30683750,0.00028612
ORD0097213,29.47417387,0.03393067
ORD0097214,23.79027894,0.00332258
ORD0097215,36.07319002,0.68482516
ORD0097216,33.42655281,0.08181394
ORD0097217,11.47702428,0.00027074
ORD0097218,10.19453417,0.00023110
ORD0097219,10.68455465,0.00117806
ORD0097220,24.91451439,0.00030950
ORD0097221,21.80313133,0.17071793
ORD0097222,18.60133987,0.00176653
ORD0097223,14.89393147,0.04204632
ORD0097224,14.23587665,0.96035978
ORD0097225,20.50029228,0.00074017
ORD0097226,15.08243821,0.00022830
ORD0097227,21.45375539,0.58865665
ORD0097228,29.99038358,0.99576374
ORD0097229,13.87882465,0.00014013
ORD0097230,14.26767134,0.00042972
ORD0097231,12.34792068,0.00258688
ORD0097232,22.82935552,0.00021552
ORD0097233,22.77033022,0.00033781
ORD0097234,12.51511780,0.00159645
ORD0097235,10.81222640,0.01105860
ORD0097236,17.71014397,0.00090134
ORD0097237,14.24773432,0.12291699
ORD0097238,22.52205852,0.01829259
ORD0097239,17.78516611,0.00729670
ORD0097240,30.13423199,0.00066120
ORD0097241,28.77280900,0.00019299
ORD0097242,44.91811528,0.00019468
ORD0097243,13.17454082,0.11745594
ORD0097244,12.76497025,0.00533891
ORD0097245,18.16721071,0.00021596
ORD0097246,18.77221161,0.00059235
ORD0097247,83.71407956,0.00051313
ORD0097248,71.51681770,0.00076098
ORD0097249,29.48527667,0.11920227
ORD0097250,25.64938775,0.00447684
ORD0097251,19.96811746,0.00062691
ORD0097252,15.73555666,0.00084047
ORD0097253,36.12853245,0.91098365
ORD0097254,19.46603770,0.00248950
ORD0097255,21.48526888,0.99808636
ORD0097256,11.91938876,0.15344051
ORD0097257,21.93767891,0.99925050
ORD0097258,24.29000719,0.82936334
ORD0097259,10.52491470,0.05750529
ORD0097260,11.08101741,0.00218336
ORD0097261,16.89254933,0.72971977
ORD0097262,23.17465310,0.98102790
ORD0097263,40.03839178,0.00202695
ORD0097264,26.92539361,0.17180992
ORD0097265,25.04442605,0.99426215
ORD0097266,29.65825424,0.01829290
ORD0097267,23.12573289,0.62333627
ORD0097268,18.88710672,0.88573663
ORD0097269,26.69707366,0.70285957
ORD0097270,27.37661287,0.83053524
ORD0097271,20.28490174,0.91708162
ORD0097272,21.84785915,0.92650218
ORD0097273,16.87577597,0.23922566
ORD0097274,16.91287548,0.37982352
ORD0097275,16.28672996,0.98618159
ORD0097276,12.03932628,0.02025649
ORD0097277,13.46256048,0.00143333
ORD0097278,17.42789984,0.00576043
ORD0097279,21.70684920,0.00134727
ORD0097280,14.26329059,0.00233371
ORD0097281,9.98295904,0.00181697
ORD0097282,9.32819752,0.00922307
ORD0097283,13.68393544,0.45754937
ORD0097284,12.57717099,0.09041353
ORD0097285,45.29158813,0.00468834
ORD0097286,12.10013858,0.00369790
ORD0097287,15.87176085,0.01342573
ORD0097288,13.35984369,0.01519259
ORD0097289,11.27129672,0.18756364
ORD0097290,12.23322049,0.20450392
ORD0097291,12.40024245,0.00107100
ORD0097292,13.36994562,0.73046256
ORD0097293,11.56894973,0.00020773
ORD0097294,12.06421958,0.00125070
ORD0097295,10.92621342,0.01721631
ORD0097296,13.80264942,0.98105134
ORD0097297,8.86190758,0.00022097
ORD0097298,9.21985284,0.00534827
ORD0097299,10.93946488,0.26674149
ORD0097300,13.13983816,0.65422388
ORD0097301,12.38540135,0.99544714
ORD0097302,12.92999201,0.98235127
ORD0097303,11.28319692,0.00071911
ORD0097304,11.79646119,0.12457217
ORD0097305,16.48809356,0.00029886
ORD0097306,24.01070819,0.00046615
ORD0097307,11.44440892,0.00219312
ORD0097308,10.99981782,0.00039536
ORD0097309,15.33220087,0.01102134
ORD0097310,13.82701037,0.00021308
ORD0097311,21.58569773,0.00366889
ORD0097312,22.46281907,0.00832263
ORD0097313,21.06630315,0.06351371
ORD0097314,22.35198444,0.20988770
ORD0097315,23.11857483,0.84280390
ORD0097316,23.22237571,0.94767284
ORD0097317,13.34470962,0.00048551
ORD0097318,12.17096015,0.00044873
ORD0097319,20.68806049,0.99374946
ORD0097320,24.78906253,0.99723978
ORD0097321,16.19509290,0.00139837
ORD0097322,17.78130832,0.00253571
ORD0097323,29.20255538,0.00058470
ORD0097324,23.21617950,0.95272695
ORD0097325,21.46618646,0.92815734
ORD0097326,13.65656025,0.33892902
ORD0097327,8.97503153,0.38614770
ORD0097328,16.96536946,0.98919912
ORD0097329,14.81392896,0.98133375
ORD0097330,27.12717404,0.99817059
ORD0097331,21.22402428,0.72202700
ORD0097332,17.68683781,0.67666451
ORD0097333,29.83237770,0.09732280
ORD0097334,16.06480265,0.95842535
ORD0097335,17.76464579,0.97360771
ORD0097336,15.61604852,0.96903652
ORD0097337,26.15623248,0.95763536
ORD0097338,22.06419920,0.94875480
ORD0097339,21.70617563,0.97496500
ORD0097340,19.44855550,0.02792028
ORD0097341,22.06542469,0.75407250
ORD0097342,21.69142414,0.00095963
ORD0097343,60.88945329,0.99217249
ORD0097344,34.03190699,0.00417382
ORD0097345,28.96921592,0.99931938
